Country;Region;Happiness Rank;Happiness Score;Standard Error;Economy (GDP per Capita);Family;Health (Life Expectancy);Freedom;Trust (Government Corruption);Generosity;Dystopia Residual;Year
Switzerland;Western Europe;1;7.587;0.03411;139.651;134.951;0.94143;0.66557;0.41978;0.29678;251.738;2015
Iceland;Western Europe;2;7.561;0.04884;130.232;140.223;0.94784;0.62877;0.14145;0.4363;270.201;2015
Denmark;Western Europe;3;7.527;0.03328;132.548;136.058;0.87464;0.64938;0.48357;0.34139;249.204;2015
Norway;Western Europe;4;7.522;0.0388;1.459;133.095;0.88521;0.66973;0.36503;0.34699;246.531;2015
Canada;North America;5;7.427;0.03553;132.629;132.261;0.90563;0.63297;0.32957;0.45811;245.176;2015
Finland;Western Europe;6;7.406;0.0314;129.025;131.826;0.88911;0.64169;0.41372;0.23351;261.955;2015
Netherlands;Western Europe;7;7.378;0.02799;132.944;128.017;0.89284;0.61576;0.31814;0.4761;24.657;2015
Sweden;Western Europe;8;7.364;0.03157;133.171;128.907;0.91087;0.6598;0.43844;0.36262;237.119;2015
New Zealand;Australia and New Zealand;9;7.286;0.03371;125.018;131.967;0.90837;0.63938;0.42922;0.47501;226.425;2015
Australia;Australia and New Zealand;10;7.284;0.04083;133.358;130.923;0.93156;0.65124;0.35637;0.43562;226.646;2015
Israel;Middle East and Northern Africa;11;7.278;0.0347;122.857;122.393;0.91387;0.41319;0.07785;0.33172;308.854;2015
Costa Rica;Latin America and Caribbean;12;7.226;0.04454;0.95578;123.788;0.86027;0.63376;0.10583;0.25497;317.728;2015
Austria;Western Europe;13;7.2;0.03751;133.723;129.704;0.89042;0.62433;0.18676;0.33088;25.332;2015
Mexico;Latin America and Caribbean;14;7.187;0.04176;102.054;0.91451;0.81444;0.48181;0.21312;0.14074;360.214;2015
United States;North America;15;7.119;0.03839;139.451;124.711;0.86179;0.54604;0.1589;0.40105;251.011;2015
Brazil;Latin America and Caribbean;16;6.983;0.04076;0.98124;123.287;0.69702;0.49049;0.17521;0.14574;326.001;2015
Luxembourg;Western Europe;17;6.946;0.03499;156.391;121.963;0.91894;0.61583;0.37798;0.28034;196.961;2015
Ireland;Western Europe;18;6.94;0.03676;133.596;136.948;0.89533;0.61777;0.28703;0.45901;19.757;2015
Belgium;Western Europe;19;6.937;0.03595;130.782;128.566;0.89667;0.5845;0.2254;0.2225;241.484;2015
United Arab Emirates;Middle East and Northern Africa;20;6.901;0.03729;142.727;112.575;0.80925;0.64157;0.38583;0.26428;224.743;2015
United Kingdom;Western Europe;21;6.867;0.01866;126.637;128.548;0.90943;0.59625;0.32067;0.51912;196.994;2015
Oman;Middle East and Northern Africa;22;6.853;0.05335;136.011;108.182;0.76276;0.63274;0.32524;0.21542;247.489;2015
Venezuela;Latin America and Caribbean;23;6.81;0.06476;104.424;125.596;0.72052;0.42908;0.11069;0.05841;319.131;2015
Singapore;Southeastern Asia;24;6.798;0.0378;152.186;1.02;102.525;0.54252;0.4921;0.31105;188.501;2015
Panama;Latin America and Caribbean;25;6.786;0.0491;106.353;11.985;0.79661;0.5421;0.0927;0.24434;284.848;2015
Germany;Western Europe;26;6.75;0.01848;132.792;129.937;0.89186;0.61477;0.21843;0.28214;211.569;2015
Chile;Latin America and Caribbean;27;6.67;0.058;110.715;112.447;0.85857;0.44132;0.12869;0.33363;267.585;2015
Qatar;Middle East and Northern Africa;28;6.611;0.06257;169.042;10.786;0.79733;0.6404;0.52208;0.32573;155.674;2015
France;Western Europe;29;6.575;0.03512;127.778;126.038;0.94579;0.55011;0.20646;0.12332;221.126;2015
Argentina;Latin America and Caribbean;30;6.574;0.04612;105.351;124.823;0.78723;0.44974;0.08484;0.11451;2.836;2015
Czech Republic;Central and Eastern Europe;31;6.505;0.04168;117.898;120.643;0.84483;0.46364;0.02652;0.10686;267.782;2015
Uruguay;Latin America and Caribbean;32;6.485;0.04539;106.166;12.089;0.8116;0.60362;0.24558;0.2324;232.142;2015
Colombia;Latin America and Caribbean;33;6.477;0.05051;0.91861;124.018;0.69077;0.53466;0.0512;0.18401;285.737;2015
Thailand;Southeastern Asia;34;6.455;0.03557;0.9669;126.504;0.7385;0.55664;0.03187;0.5763;231.945;2015
Saudi Arabia;Middle East and Northern Africa;35;6.411;0.04633;139.541;108.393;0.72025;0.31048;0.32524;0.13706;243.872;2015
Spain;Western Europe;36;6.329;0.03468;123.011;131.379;0.95562;0.45951;0.06398;0.18227;212.367;2015
Malta;Western Europe;37;6.302;0.04206;12.074;130.203;0.88721;0.60365;0.13586;0.51752;16.488;2015
Taiwan;Eastern Asia;38;6.298;0.03868;129.098;107.617;0.8753;0.3974;0.08129;0.25376;232.323;2015
Kuwait;Middle East and Northern Africa;39;6.295;0.04456;155.422;116.594;0.72492;0.55499;0.25609;0.16228;187.634;2015
Suriname;Latin America and Caribbean;40;6.269;0.09811;0.99534;0.972;0.6082;0.59657;0.13633;0.16991;279.094;2015
Trinidad and Tobago;Latin America and Caribbean;41;6.168;0.10895;121.183;118.354;0.61483;0.55884;0.0114;0.31844;226.882;2015
El Salvador;Latin America and Caribbean;42;6.13;0.05618;0.76454;102.507;0.67737;0.4035;0.11776;0.10692;3.035;2015
Guatemala;Latin America and Caribbean;43;6.123;0.05224;0.74553;104.356;0.64425;0.57733;0.09472;0.27489;274.255;2015
Uzbekistan;Central and Eastern Europe;44;6.003;0.04361;0.63244;134.043;0.59772;0.65821;0.30826;0.22837;223.741;2015
Slovakia;Central and Eastern Europe;45;5.995;0.04267;116.891;126.999;0.78902;0.31751;0.03431;0.16893;224.639;2015
Japan;Eastern Asia;46;5.987;0.03581;127.074;125.712;0.99111;0.49615;0.1806;0.10705;168.435;2015
South Korea;Eastern Asia;47;5.984;0.04098;124.461;0.95774;0.96538;0.33208;0.07857;0.18557;221.978;2015
Ecuador;Latin America and Caribbean;48;5.975;0.04528;0.86402;0.99903;0.79075;0.48574;0.1809;0.11541;253.942;2015
Bahrain;Middle East and Northern Africa;49;5.96;0.05412;132.376;121.624;0.74716;0.45492;0.306;0.17362;173.797;2015
Italy;Western Europe;50;5.948;0.03914;125.114;119.777;0.95446;0.26236;0.02901;0.22823;202.518;2015
Bolivia;Latin America and Caribbean;51;5.89;0.05642;0.68133;0.97841;0.5392;0.57414;0.088;0.20536;282.334;2015
Moldova;Central and Eastern Europe;52;5.889;0.03799;0.59448;101.528;0.61826;0.32818;0.01615;0.20951;310.712;2015
Paraguay;Latin America and Caribbean;53;5.878;0.04563;0.75985;130.477;0.66098;0.53899;0.08242;0.3424;218.896;2015
Kazakhstan;Central and Eastern Europe;54;5.855;0.04114;112.254;112.241;0.64368;0.51649;0.08454;0.11827;224.729;2015
Slovenia;Central and Eastern Europe;55;5.848;0.04251;118.498;127.385;0.87337;0.60855;0.03787;0.25328;161.583;2015
Lithuania;Central and Eastern Europe;56;5.833;0.03843;114.723;125.745;0.73128;0.21342;0.01031;0.02641;244.649;2015
Nicaragua;Latin America and Caribbean;57;5.828;0.05371;0.59325;114.184;0.74314;0.55475;0.19317;0.27815;232.407;2015
Peru;Latin America and Caribbean;58;5.824;0.04615;0.90019;0.97459;0.73017;0.41496;0.05989;0.14982;25.945;2015
Belarus;Central and Eastern Europe;59;5.813;0.03938;103.192;123.289;0.73608;0.37938;0.1909;0.11046;21.309;2015
Poland;Central and Eastern Europe;60;5.791;0.04263;112.555;127.948;0.77903;0.53122;0.04212;0.16759;186.565;2015
Malaysia;Southeastern Asia;61;5.77;0.0433;112.486;107.023;0.72394;0.53024;0.10501;0.33075;188.541;2015
Croatia;Central and Eastern Europe;62;5.759;0.04394;108.254;0.79624;0.78805;0.25883;0.0243;0.05444;275.414;2015
Libya;Middle East and Northern Africa;63;5.754;0.07832;113.145;111.862;0.7038;0.41668;0.11023;0.18295;209.066;2015
Russia;Central and Eastern Europe;64;5.716;0.03135;113.764;123.617;0.66926;0.36679;0.03005;0.00199;227.394;2015
Jamaica;Latin America and Caribbean;65;5.709;0.13693;0.81038;115.102;0.68741;0.50442;0.02299;0.2123;232.038;2015
North Cyprus;Western Europe;66;5.695;0.05635;120.806;107.008;0.92356;0.49027;0.1428;0.26169;159.888;2015
Cyprus;Western Europe;67;5.689;0.0558;120.813;0.89318;0.92356;0.40672;0.06146;0.30638;188.931;2015
Algeria;Middle East and Northern Africa;68;5.605;0.05099;0.93929;107.772;0.61766;0.28579;0.17383;0.07822;243.209;2015
Kosovo;Central and Eastern Europe;69;5.589;0.05018;0.80148;0.81198;0.63132;0.24749;0.04741;0.2831;276.579;2015
Turkmenistan;Central and Eastern Europe;70;5.548;0.04175;0.95847;122.668;0.53886;0.4761;0.30844;0.16979;186.984;2015
Mauritius;Sub-Saharan Africa;71;5.477;0.07197;100.761;0.98521;0.7095;0.56066;0.07521;0.37744;176.145;2015
Hong Kong;Eastern Asia;72;5.474;0.05051;138.604;105.818;101.328;0.59608;0.37124;0.39478;0.65429;2015
Estonia;Central and Eastern Europe;73;5.429;0.04013;115.174;122.791;0.77361;0.44888;0.15184;0.0868;158.782;2015
Indonesia;Southeastern Asia;74;5.399;0.02596;0.82827;108.708;0.63793;0.46611;0;0.51535;186.399;2015
Vietnam;Southeastern Asia;75;5.36;0.03107;0.63216;0.91226;0.74676;0.59444;0.10441;0.1686;220.173;2015
Turkey;Middle East and Northern Africa;76;5.332;0.03864;106.098;0.94632;0.73172;0.22815;0.15746;0.12253;208.528;2015
Kyrgyzstan;Central and Eastern Europe;77;5.286;0.03823;0.47428;115.115;0.65088;0.43477;0.04232;0.3003;22.327;2015
Nigeria;Sub-Saharan Africa;78;5.268;0.04192;0.65435;0.90432;0.16007;0.34334;0.0403;0.27233;289.319;2015
Bhutan;Southern Asia;79;5.253;0.03225;0.77042;110.395;0.57407;0.53206;0.15445;0.47998;163.794;2015
Azerbaijan;Central and Eastern Europe;80;5.212;0.03363;102.389;0.93793;0.64045;0.3703;0.16065;0.07799;200.073;2015
Pakistan;Southern Asia;81;5.194;0.03726;0.59543;0.41411;0.51466;0.12102;0.10464;0.33671;310.709;2015
Jordan;Middle East and Northern Africa;82;5.192;0.04524;0.90198;105.392;0.69639;0.40661;0.14293;0.11053;187.996;2015
Montenegro;Central and Eastern Europe;82;5.192;0.05235;0.97438;0.90557;0.72521;0.1826;0.14296;0.1614;210.017;2015
China;Eastern Asia;84;5.14;0.02424;0.89012;0.94675;0.81658;0.51697;0.02781;0.08185;18.604;2015
Zambia;Sub-Saharan Africa;85;5.129;0.06988;0.47038;0.91612;0.29924;0.48827;0.12468;0.19591;26.343;2015
Romania;Central and Eastern Europe;86;5.124;0.06607;104.345;0.88588;0.7689;0.35068;0.00649;0.13748;193.129;2015
Serbia;Central and Eastern Europe;87;5.123;0.04864;0.92053;100.964;0.74836;0.20107;0.02617;0.19231;2.025;2015
Portugal;Western Europe;88;5.102;0.04802;115.991;113.935;0.87519;0.51469;0.01078;0.13719;126.462;2015
Latvia;Central and Eastern Europe;89;5.098;0.0464;111.312;109.562;0.72437;0.29671;0.06332;0.18226;162.215;2015
Philippines;Southeastern Asia;90;5.073;0.04934;0.70532;103.516;0.58114;0.62545;0.12279;0.24991;17.536;2015
Somaliland region;Sub-Saharan Africa;91;5.057;0.06161;0.18847;0.95152;0.43873;0.46582;0.39928;0.50318;211.032;2015
Morocco;Middle East and Northern Africa;92;5.013;0.0342;0.73479;0.64095;0.60954;0.41691;0.08546;0.07172;245.373;2015
Macedonia;Central and Eastern Europe;93;5.007;0.05376;0.91851;100.232;0.73545;0.33457;0.05327;0.22359;173.933;2015
Mozambique;Sub-Saharan Africa;94;4.971;0.07896;0.08308;102.626;0.09131;0.34037;0.15603;0.22269;305.137;2015
Albania;Central and Eastern Europe;95;4.959;0.05013;0.87867;0.80434;0.81325;0.35733;0.06413;0.14272;189.894;2015
Bosnia and Herzegovina;Central and Eastern Europe;96;4.949;0.06913;0.83223;0.91916;0.79081;0.09245;0.00227;0.24808;206.367;2015
Lesotho;Sub-Saharan Africa;97;4.898;0.09438;0.37545;104.103;0.07612;0.31767;0.12504;0.16388;279.832;2015
Dominican Republic;Latin America and Caribbean;98;4.885;0.07446;0.89537;117.202;0.66825;0.57672;0.14234;0.21684;121.305;2015
Laos;Southeastern Asia;99;4.876;0.06698;0.59066;0.73803;0.54909;0.59591;0.24249;0.42192;173.799;2015
Mongolia;Eastern Asia;100;4.874;0.03313;0.82819;13.006;0.60268;0.43626;0.02666;0.3323;134.759;2015
Swaziland;Sub-Saharan Africa;101;4.867;0.08742;0.71206;107.284;0.07566;0.30658;0.0306;0.18259;248.676;2015
Greece;Western Europe;102;4.857;0.05062;115.406;0.92933;0.88213;0.07699;0.01397;0;180.101;2015
Lebanon;Middle East and Northern Africa;103;4.839;0.04337;102.564;0.80001;0.83947;0.33916;0.04582;0.21854;157.059;2015
Hungary;Central and Eastern Europe;104;4.8;0.06107;112.094;120.215;0.75905;0.32112;0.02758;0.128;124.074;2015
Honduras;Latin America and Caribbean;105;4.788;0.05648;0.59532;0.95348;0.6951;0.40148;0.06825;0.23027;184.408;2015
Tajikistan;Central and Eastern Europe;106;4.786;0.03198;0.39047;0.85563;0.57379;0.47216;0.15072;0.22974;211.399;2015
Tunisia;Middle East and Northern Africa;107;4.739;0.03589;0.88113;0.60429;0.73793;0.26268;0.06358;0.06431;212.466;2015
Palestinian Territories;Middle East and Northern Africa;108;4.715;0.04394;0.59867;0.92558;0.66015;0.24499;0.12905;0.11251;204.384;2015
Bangladesh;Southern Asia;109;4.694;0.03077;0.39753;0.43106;0.60164;0.4082;0.12569;0.21222;251.767;2015
Iran;Middle East and Northern Africa;110;4.686;0.04449;10.088;0.54447;0.69805;0.30033;0.05863;0.38086;16.944;2015
Ukraine;Central and Eastern Europe;111;4.681;0.04412;0.79907;120.278;0.6739;0.25123;0.02961;0.15275;15.714;2015
Iraq;Middle East and Northern Africa;112;4.677;0.05232;0.98549;0.81889;0.60237;0;0.13788;0.17922;195.335;2015
South Africa;Sub-Saharan Africa;113;4.642;0.04585;0.92049;118.468;0.27688;0.33207;0.08884;0.11973;171.956;2015
Ghana;Sub-Saharan Africa;114;4.633;0.04742;0.54558;0.67954;0.40132;0.42342;0.04355;0.23087;230.919;2015
Zimbabwe;Sub-Saharan Africa;115;4.61;0.0429;0.271;103.276;0.33475;0.25861;0.08079;0.18987;244.191;2015
Liberia;Sub-Saharan Africa;116;4.571;0.11068;0.0712;0.78968;0.34201;0.28531;0.06232;0.24362;277.729;2015
India;Southern Asia;117;4.565;0.02043;0.64499;0.38174;0.51529;0.39786;0.08492;0.26475;227.513;2015
Sudan;Sub-Saharan Africa;118;4.55;0.0674;0.52107;101.404;0.36878;0.10081;0.1466;0.19062;220.857;2015
Haiti;Latin America and Caribbean;119;4.518;0.07331;0.26673;0.74302;0.38847;0.24425;0.17175;0.46187;224.173;2015
Congo (Kinshasa);Sub-Saharan Africa;120;4.517;0.0368;0;10.012;0.09806;0.22605;0.07625;0.24834;286.712;2015
Nepal;Southern Asia;121;4.514;0.03607;0.35997;0.86449;0.56874;0.38282;0.05907;0.32296;195.637;2015
Ethiopia;Sub-Saharan Africa;122;4.512;0.0378;0.19073;0.60406;0.44055;0.4345;0.15048;0.24325;244.876;2015
Sierra Leone;Sub-Saharan Africa;123;4.507;0.07068;0.33024;0.95571;0;0.4084;0.08786;0.21488;251.009;2015
Mauritania;Sub-Saharan Africa;124;4.436;0.03947;0.45407;0.86908;0.35874;0.24232;0.17461;0.219;211.773;2015
Kenya;Sub-Saharan Africa;125;4.419;0.04734;0.36471;0.99876;0.41435;0.42215;0.05839;0.37542;178.555;2015
Djibouti;Sub-Saharan Africa;126;4.369;0.08096;0.44025;0.59207;0.36291;0.46074;0.28105;0.18093;205.125;2015
Armenia;Central and Eastern Europe;127;4.35;0.04763;0.76821;0.77711;0.7299;0.19847;0.039;0.07855;175.873;2015
Botswana;Sub-Saharan Africa;128;4.332;0.04934;0.99355;110.464;0.04776;0.49495;0.12474;0.10461;146.181;2015
Myanmar;Southeastern Asia;129;4.307;0.04351;0.27108;0.70905;0.48246;0.44017;0.19034;0.79588;141.805;2015
Georgia;Central and Eastern Europe;130;4.297;0.04221;0.7419;0.38562;0.72926;0.40577;0.38331;0.05547;159.541;2015
Malawi;Sub-Saharan Africa;131;4.292;0.0613;0.01604;0.41134;0.22562;0.43054;0.06977;0.33128;280.791;2015
Sri Lanka;Southern Asia;132;4.271;0.03751;0.83524;101.905;0.70806;0.53726;0.09179;0.40828;0.67108;2015
Cameroon;Sub-Saharan Africa;133;4.252;0.04678;0.4225;0.88767;0.23402;0.49309;0.05786;0.20618;195.071;2015
Bulgaria;Central and Eastern Europe;134;4.218;0.04828;101.216;110.614;0.76649;0.30587;0.00872;0.11921;0.89991;2015
Egypt;Middle East and Northern Africa;135;4.194;0.0326;0.8818;0.747;0.61712;0.17288;0.06324;0.11291;159.927;2015
Yemen;Middle East and Northern Africa;136;4.077;0.04367;0.54649;0.68093;0.40064;0.35571;0.07854;0.09131;192.313;2015
Angola;Sub-Saharan Africa;137;4.033;0.04758;0.75778;0.8604;0.16683;0.10384;0.07122;0.12344;194.939;2015
Mali;Sub-Saharan Africa;138;3.995;0.05602;0.26074;103.526;0.20583;0.38857;0.12352;0.18798;179.293;2015
Congo (Brazzaville);Sub-Saharan Africa;139;3.989;0.06682;0.67866;0.6629;0.31051;0.41466;0.11686;0.12388;168.135;2015
Comoros;Sub-Saharan Africa;140;3.956;0.04797;0.23906;0.79273;0.36315;0.22917;0.199;0.17441;195.812;2015
Uganda;Sub-Saharan Africa;141;3.931;0.04317;0.21102;113.299;0.33861;0.45727;0.07267;0.29066;142.766;2015
Senegal;Sub-Saharan Africa;142;3.904;0.03608;0.36498;0.97619;0.4354;0.36772;0.10713;0.20843;144.395;2015
Gabon;Sub-Saharan Africa;143;3.896;0.04547;106.024;0.90528;0.43372;0.31914;0.11091;0.06822;0.99895;2015
Niger;Sub-Saharan Africa;144;3.845;0.03602;0.0694;0.77265;0.29707;0.47692;0.15639;0.19387;187.877;2015
Cambodia;Southeastern Asia;145;3.819;0.05069;0.46038;0.62736;0.61114;0.66246;0.07247;0.40359;0.98195;2015
Tanzania;Sub-Saharan Africa;146;3.781;0.05061;0.2852;100.268;0.38215;0.32878;0.05747;0.34377;138.079;2015
Madagascar;Sub-Saharan Africa;147;3.681;0.03633;0.20824;0.66801;0.46721;0.19184;0.08124;0.21333;1.851;2015
Central African Republic;Sub-Saharan Africa;148;3.678;0.06112;0.0785;0;0.06699;0.48879;0.08289;0.23835;27.223;2015
Chad;Sub-Saharan Africa;149;3.667;0.0383;0.34193;0.76062;0.1501;0.23501;0.05269;0.18386;194.296;2015
Guinea;Sub-Saharan Africa;150;3.656;0.0359;0.17417;0.46475;0.24009;0.37725;0.12139;0.28657;199.172;2015
Ivory Coast;Sub-Saharan Africa;151;3.655;0.05141;0.46534;0.77115;0.15185;0.46866;0.17922;0.20165;141.723;2015
Burkina Faso;Sub-Saharan Africa;152;3.587;0.04324;0.25812;0.85188;0.27125;0.39493;0.12832;0.21747;146.494;2015
Afghanistan;Southern Asia;153;3.575;0.03084;0.31982;0.30285;0.30335;0.23414;0.09719;0.3651;19.521;2015
Rwanda;Sub-Saharan Africa;154;3.465;0.03464;0.22208;0.7737;0.42864;0.59201;0.55191;0.22628;0.67042;2015
Benin;Sub-Saharan Africa;155;3.34;0.03656;0.28665;0.35386;0.3191;0.4845;0.0801;0.1826;163.328;2015
Syria;Middle East and Northern Africa;156;3.006;0.05015;0.6632;0.47489;0.72193;0.15684;0.18906;0.47179;0.32858;2015
Burundi;Sub-Saharan Africa;157;2.905;0.08658;0.0153;0.41587;0.22396;0.1185;0.10062;0.19727;183.302;2015
Togo;Sub-Saharan Africa;158;2.839;0.06727;0.20868;0.13995;0.28443;0.36453;0.10731;0.16681;156.726;2015
Denmark;Western Europe;1;7.526;;144.178;116.374;0.79504;0.57941;0.44453;0.36171;273.939;2016
Switzerland;Western Europe;2;7.509;;152.733;114.524;0.86303;0.58557;0.41203;0.28083;269.463;2016
Iceland;Western Europe;3;7.501;;142.666;118.326;0.86733;0.56624;0.14975;0.47678;283.137;2016
Norway;Western Europe;4;7.498;;157.744;11.269;0.79579;0.59609;0.35776;0.37895;266.465;2016
Finland;Western Europe;5;7.413;;140.598;113.464;0.81091;0.57104;0.41004;0.25492;282.596;2016
Canada;North America;6;7.404;;144.015;10.961;0.8276;0.5737;0.31329;0.44834;270.485;2016
Netherlands;Western Europe;7;7.339;;146.468;102.912;0.81231;0.55211;0.29927;0.47416;270.749;2016
New Zealand;Australia and New Zealand;8;7.334;;136.066;117.278;0.83096;0.58147;0.41904;0.49401;247.553;2016
Australia;Australia and New Zealand;9;7.313;;144.443;110.476;0.8512;0.56837;0.32331;0.47407;25.465;2016
Sweden;Western Europe;10;7.291;;145.181;108.764;0.83121;0.58218;0.40867;0.38254;254.734;2016
Israel;Middle East and Northern Africa;11;7.267;;133.766;0.99537;0.84917;0.36432;0.08728;0.32288;331.029;2016
Austria;Western Europe;12;7.119;;145.038;108.383;0.80565;0.54355;0.21348;0.32865;269.343;2016
United States;North America;13;7.104;;150.796;104.782;0.779;0.48163;0.14868;0.41077;272.782;2016
Costa Rica;Latin America and Caribbean;14;7.087;;106.879;102.152;0.76146;0.55225;0.10547;0.22553;335.168;2016
Puerto Rico;Latin America and Caribbean;15;7.039;;135.943;108.113;0.77758;0.46823;0.12275;0.22202;30.076;2016
Germany;Western Europe;16;6.994;;144.787;109.774;0.81487;0.53466;0.28551;0.30452;250.931;2016
Brazil;Latin America and Caribbean;17;6.952;;108.754;103.938;0.61415;0.40425;0.14166;0.15776;350.733;2016
Belgium;Western Europe;18;6.929;;142.539;105.249;0.81959;0.51354;0.26248;0.2424;261.355;2016
Ireland;Western Europe;19;6.907;;148.341;116.157;0.81455;0.54008;0.29754;0.44963;215.988;2016
Luxembourg;Western Europe;20;6.871;;169.752;103.999;0.84542;0.5487;0.35329;0.27571;211.055;2016
Mexico;Latin America and Caribbean;21;6.778;;111.508;0.7146;0.71143;0.37709;0.18355;0.11735;355.906;2016
Singapore;Southeastern Asia;22;6.739;;164.555;0.86758;0.94719;0.4877;0.46987;0.32706;199.375;2016
United Kingdom;Western Europe;23;6.725;;140.283;108.672;0.80991;0.50036;0.27399;0.50156;214.999;2016
Chile;Latin America and Caribbean;24;6.705;;12.167;0.90587;0.81883;0.37789;0.11451;0.31595;295.505;2016
Panama;Latin America and Caribbean;25;6.701;;118.306;0.98912;0.70835;0.48927;0.08423;0.2418;300.559;2016
Argentina;Latin America and Caribbean;26;6.65;;115.137;106.612;0.69711;0.42284;0.07296;0.10989;312.985;2016
Czech Republic;Central and Eastern Europe;27;6.596;;130.915;100.793;0.76376;0.41418;0.03986;0.09929;296.211;2016
United Arab Emirates;Middle East and Northern Africa;28;6.573;;157.352;0.87114;0.72993;0.56215;0.35561;0.26591;221.507;2016
Uruguay;Latin America and Caribbean;29;6.545;;118.157;103.143;0.72183;0.54388;0.21394;0.18056;267.139;2016
Malta;Western Europe;30;6.488;;130.782;109.879;0.80315;0.54994;0.17554;0.56237;199.032;2016
Colombia;Latin America and Caribbean;31;6.481;;103.032;102.169;0.59659;0.44735;0.05399;0.15626;317.471;2016
France;Western Europe;32;6.478;;139.488;100.508;0.83795;0.46562;0.17808;0.1216;24.744;2016
Thailand;Southeastern Asia;33;6.474;;10.893;104.477;0.64915;0.49553;0.02833;0.58696;25.796;2016
Saudi Arabia;Middle East and Northern Africa;34;6.379;;148.953;0.84829;0.59267;0.37904;0.30008;0.15457;261.482;2016
Taiwan;Eastern Asia;34;6.379;;139.729;0.92624;0.79565;0.32377;0.0663;0.25495;261.523;2016
Qatar;Middle East and Northern Africa;36;6.375;;182.427;0.87964;0.71723;0.56679;0.48049;0.32388;158.224;2016
Spain;Western Europe;37;6.361;;134.253;112.945;0.87896;0.37545;0.06137;0.17665;239.663;2016
Algeria;Middle East and Northern Africa;38;6.355;;105.266;0.83309;0.61804;0.21006;0.16157;0.07044;340.904;2016
Guatemala;Latin America and Caribbean;39;6.324;;0.83454;0.87119;0.54039;0.50379;0.08701;0.28808;319.863;2016
Suriname;Latin America and Caribbean;40;6.269;;109.686;0.77866;0.50933;0.52234;0.12692;0.16665;306.852;2016
Kuwait;Middle East and Northern Africa;41;6.239;;161.714;0.87758;0.63569;0.43166;0.23669;0.15965;228.085;2016
Bahrain;Middle East and Northern Africa;42;6.218;;144.024;0.94397;0.65696;0.47375;0.25772;0.17147;227.405;2016
Trinidad and Tobago;Latin America and Caribbean;43;6.168;;132.572;0.98569;0.52608;0.48453;0.01241;0.31935;251.394;2016
Venezuela;Latin America and Caribbean;44;6.084;;113.367;103.302;0.61904;0.19847;0.08304;0.0425;297.468;2016
Slovakia;Central and Eastern Europe;45;6.078;;127.973;108.268;0.70367;0.23391;0.02947;0.13837;261.065;2016
El Salvador;Latin America and Caribbean;46;6.068;;0.8737;0.80975;0.596;0.37269;0.10613;0.08877;322.134;2016
Malaysia;Southeastern Asia;47;6.005;;125.142;0.88025;0.62366;0.39031;0.09081;0.41474;235.384;2016
Nicaragua;Latin America and Caribbean;48;5.992;;0.69384;0.89521;0.65213;0.46582;0.16292;0.29773;282.428;2016
Uzbekistan;Central and Eastern Europe;49;5.987;;0.73591;11.681;0.50163;0.60848;0.28333;0.34326;234.638;2016
Italy;Western Europe;50;5.977;;135.495;104.167;0.85102;0.18827;0.02556;0.16684;234.918;2016
Ecuador;Latin America and Caribbean;51;5.976;;0.97306;0.85974;0.68613;0.4027;0.18037;0.10074;277.366;2016
Belize;Latin America and Caribbean;52;5.956;;0.87616;0.68655;0.45569;0.51231;0.10771;0.23684;308.039;2016
Japan;Eastern Asia;53;5.921;;138.007;106.054;0.91491;0.46761;0.18985;0.10224;180.584;2016
Kazakhstan;Central and Eastern Europe;54;5.919;;122.943;0.95544;0.57386;0.4052;0.11132;0.15011;249.325;2016
Moldova;Central and Eastern Europe;55;5.897;;0.69177;0.83132;0.52309;0.25202;0.01903;0.19997;338.007;2016
Russia;Central and Eastern Europe;56;5.856;;123.228;105.261;0.58991;0.32682;0.03586;0.02736;259.115;2016
Poland;Central and Eastern Europe;57;5.835;;124.585;104.685;0.69058;0.4519;0.055;0.14443;220.035;2016
South Korea;Eastern Asia;57;5.835;;135.948;0.72194;0.88645;0.25168;0.07716;0.18824;235.015;2016
Bolivia;Latin America and Caribbean;59;5.822;;0.79422;0.83779;0.4697;0.50961;0.07746;0.21698;291.635;2016
Lithuania;Central and Eastern Europe;60;5.813;;12.692;106.411;0.64674;0.18929;0.0182;0.02025;260.525;2016
Belarus;Central and Eastern Europe;61;5.802;;113.062;104.993;0.63104;0.29091;0.17457;0.13942;238.582;2016
North Cyprus;Western Europe;62;5.771;;131.141;0.81826;0.84142;0.43596;0.16578;0.26322;193.447;2016
Slovenia;Central and Eastern Europe;63;5.768;;129.947;105.613;0.79151;0.53164;0.03635;0.25738;179.522;2016
Peru;Latin America and Caribbean;64;5.743;;0.99602;0.81255;0.62994;0.37502;0.05292;0.14527;273.117;2016
Turkmenistan;Central and Eastern Europe;65;5.658;;108.017;103.817;0.44006;0.37408;0.28467;0.22567;221.489;2016
Mauritius;Sub-Saharan Africa;66;5.648;;114.372;0.75695;0.66189;0.46145;0.05203;0.36951;220.223;2016
Libya;Middle East and Northern Africa;67;5.615;;106.688;0.95076;0.52304;0.40672;0.10339;0.17087;239.374;2016
Latvia;Central and Eastern Europe;68;5.56;;121.788;0.95025;0.63952;0.27996;0.0889;0.17445;220.859;2016
Cyprus;Western Europe;69;5.546;;131.857;0.70697;0.8488;0.29507;0.05228;0.27906;204.497;2016
Paraguay;Latin America and Caribbean;70;5.538;;0.89373;111.111;0.58295;0.46235;0.07396;0.25296;216.091;2016
Romania;Central and Eastern Europe;71;5.528;;11.697;0.72803;0.67602;0.36712;0.00679;0.12889;245.184;2016
Estonia;Central and Eastern Europe;72;5.517;;127.964;105.163;0.68098;0.41511;0.18519;0.08423;181.985;2016
Jamaica;Latin America and Caribbean;73;5.51;;0.89333;0.96372;0.59469;0.43597;0.04294;0.22245;235.682;2016
Croatia;Central and Eastern Europe;74;5.488;;118.649;0.60809;0.70524;0.23907;0.04002;0.18434;252.462;2016
Hong Kong;Eastern Asia;75;5.458;;15.107;0.87021;0.95277;0.48079;0.31647;0.40097;0.92614;2016
Somalia;Sub-Saharan Africa;76;5.44;;0;0.33613;0.11466;0.56778;0.3118;0.27225;383.772;2016
Kosovo;Central and Eastern Europe;77;5.401;;0.90145;0.66062;0.54;0.14396;0.06547;0.27992;280.998;2016
Turkey;Middle East and Northern Africa;78;5.389;;116.492;0.87717;0.64718;0.23889;0.12348;0.04707;229.074;2016
Indonesia;Southeastern Asia;79;5.314;;0.95104;0.87625;0.49374;0.39237;0.00322;0.56521;203.171;2016
Jordan;Middle East and Northern Africa;80;5.303;;0.99673;0.86216;0.60712;0.36023;0.13297;0.14262;220.142;2016
Azerbaijan;Central and Eastern Europe;81;5.291;;112.373;0.76042;0.54504;0.35327;0.17914;0.0564;22.735;2016
Philippines;Southeastern Asia;82;5.279;;0.81217;0.87877;0.47036;0.54854;0.11757;0.21674;223.484;2016
China;Eastern Asia;83;5.245;;10.278;0.79381;0.73561;0.44012;0.02745;0.04959;217.087;2016
Bhutan;Southern Asia;84;5.196;;0.8527;0.90836;0.49759;0.46074;0.1616;0.48546;182.916;2016
Kyrgyzstan;Central and Eastern Europe;85;5.185;;0.56044;0.95434;0.55449;0.40212;0.04762;0.38432;228.136;2016
Serbia;Central and Eastern Europe;86;5.177;;103.437;0.81329;0.6458;0.15718;0.04339;0.20737;227.539;2016
Bosnia and Herzegovina;Central and Eastern Europe;87;5.163;;0.93383;0.64367;0.70766;0.09511;0;0.29889;248.406;2016
Montenegro;Central and Eastern Europe;88;5.161;;107.838;0.74173;0.63533;0.15111;0.12721;0.17191;225.531;2016
Dominican Republic;Latin America and Caribbean;89;5.155;;102.787;0.99496;0.57669;0.52259;0.12372;0.21286;169.626;2016
Morocco;Middle East and Northern Africa;90;5.151;;0.84058;0.38595;0.59471;0.25646;0.08404;0.04053;294.891;2016
Hungary;Central and Eastern Europe;91;5.145;;124.142;0.93164;0.67608;0.1977;0.04472;0.099;195.473;2016
Pakistan;Southern Asia;92;5.132;;0.68816;0.26135;0.40306;0.14622;0.1388;0.31185;318.286;2016
Lebanon;Middle East and Northern Africa;93;5.129;;112.268;0.64184;0.76171;0.26228;0.03061;0.23693;207.339;2016
Portugal;Western Europe;94;5.123;;127.607;0.94367;0.79363;0.44727;0.01521;0.11691;153.015;2016
Macedonia;Central and Eastern Europe;95;5.121;;10.193;0.78236;0.64738;0.27668;0.07047;0.23507;208.947;2016
Vietnam;Southeastern Asia;96;5.061;;0.74037;0.79117;0.66157;0.55954;0.11556;0.25075;19.418;2016
Somaliland Region;Sub-Saharan Africa;97;5.057;;0.25558;0.75862;0.33108;0.3913;0.36794;0.51479;243.801;2016
Tunisia;Middle East and Northern Africa;98;5.045;;0.97724;0.43165;0.59577;0.23553;0.0817;0.03936;268.413;2016
Greece;Western Europe;99;5.033;;124.886;0.75473;0.80029;0.05822;0.04127;0;212.944;2016
Tajikistan;Central and Eastern Europe;100;4.996;;0.48835;0.75602;0.53119;0.43408;0.13509;0.25998;239.106;2016
Mongolia;Eastern Asia;101;4.907;;0.98853;108.983;0.55469;0.35972;0.03285;0.34539;153.586;2016
Laos;Southeastern Asia;102;4.876;;0.68042;0.5497;0.38291;0.52168;0.22423;0.43079;208.637;2016
Nigeria;Sub-Saharan Africa;103;4.875;;0.75216;0.64498;0.05108;0.27854;0.0305;0.23219;288.586;2016
Honduras;Latin America and Caribbean;104;4.871;;0.69429;0.75596;0.58383;0.26755;0.06906;0.2044;229.551;2016
Iran;Middle East and Northern Africa;105;4.813;;111.758;0.38857;0.64232;0.22544;0.0557;0.38538;199.817;2016
Zambia;Sub-Saharan Africa;106;4.795;;0.61202;0.6376;0.23573;0.42662;0.11479;0.17866;258.991;2016
Nepal;Southern Asia;107;4.793;;0.44626;0.69699;0.50073;0.37012;0.07008;0.3816;232.694;2016
Palestinian Territories;Middle East and Northern Africa;108;4.754;;0.67024;0.71629;0.56844;0.17744;0.10613;0.11154;240.364;2016
Albania;Central and Eastern Europe;109;4.655;;0.9553;0.50163;0.73007;0.31866;0.05301;0.1684;192.816;2016
Bangladesh;Southern Asia;110;4.643;;0.54177;0.24749;0.52989;0.39778;0.12583;0.19132;260.904;2016
Sierra Leone;Sub-Saharan Africa;111;4.635;;0.36485;0.628;0;0.30685;0.08196;0.23897;301.402;2016
Iraq;Middle East and Northern Africa;112;4.575;;107.474;0.59205;0.51076;0.24856;0.13636;0.19589;181.657;2016
Namibia;Sub-Saharan Africa;113;4.574;;0.93287;0.70362;0.34745;0.48614;0.10398;0.07795;192.198;2016
Cameroon;Sub-Saharan Africa;114;4.513;;0.52497;0.62542;0.12698;0.42736;0.06126;0.2268;25.198;2016
Ethiopia;Sub-Saharan Africa;115;4.508;;0.29283;0.37932;0.34578;0.36703;0.1717;0.29522;265.614;2016
South Africa;Sub-Saharan Africa;116;4.459;;102.416;0.96053;0.18611;0.42483;0.08415;0.13656;164.227;2016
Sri Lanka;Southern Asia;117;4.415;;0.97318;0.84783;0.62007;0.50817;0.07964;0.46978;0.91681;2016
India;Southern Asia;118;4.404;;0.74036;0.29247;0.45091;0.40285;0.08722;0.25028;218.032;2016
Myanmar;Southeastern Asia;119;4.395;;0.34112;0.69981;0.3988;0.42692;0.20243;0.81971;150.655;2016
Egypt;Middle East and Northern Africa;120;4.362;;0.95395;0.49813;0.52116;0.18847;0.10393;0.12706;196.895;2016
Armenia;Central and Eastern Europe;121;4.36;;0.86086;0.62477;0.64083;0.14037;0.03616;0.07793;197.864;2016
Kenya;Sub-Saharan Africa;122;4.356;;0.52267;0.7624;0.30147;0.40576;0.06686;0.41328;188.326;2016
Ukraine;Central and Eastern Europe;123;4.324;;0.87287;101.413;0.58628;0.12859;0.01829;0.20363;150.066;2016
Ghana;Sub-Saharan Africa;124;4.276;;0.63107;0.49353;0.29681;0.40973;0.0326;0.21203;22.002;2016
Congo (Kinshasa);Sub-Saharan Africa;125;4.272;;0.05661;0.80676;0.188;0.15602;0.06075;0.25458;274.924;2016
Georgia;Central and Eastern Europe;126;4.252;;0.83792;0.19249;0.64035;0.32461;0.3188;0.06786;187.031;2016
Congo (Brazzaville);Sub-Saharan Africa;127;4.236;;0.77109;0.47799;0.28212;0.37938;0.09753;0.12077;210.681;2016
Senegal;Sub-Saharan Africa;128;4.219;;0.44314;0.77416;0.40457;0.31056;0.11681;0.19103;197.861;2016
Bulgaria;Central and Eastern Europe;129;4.217;;111.306;0.92542;0.67806;0.21219;0.00615;0.12793;115.377;2016
Mauritania;Sub-Saharan Africa;130;4.201;;0.61391;0.84142;0.28639;0.1268;0.17955;0.22686;19.263;2016
Zimbabwe;Sub-Saharan Africa;131;4.193;;0.35041;0.71478;0.1595;0.25429;0.08582;0.18503;24.427;2016
Malawi;Sub-Saharan Africa;132;4.156;;0.08709;0.147;0.29364;0.4143;0.07564;0.30968;282.859;2016
Sudan;Sub-Saharan Africa;133;4.139;;0.63069;0.81928;0.29759;0;0.10039;0.18077;210.995;2016
Gabon;Sub-Saharan Africa;134;4.121;;115.851;0.72368;0.3494;0.28098;0.09314;0.06244;145.332;2016
Mali;Sub-Saharan Africa;135;4.073;;0.31292;0.86333;0.16347;0.27544;0.13647;0.21064;211.087;2016
Haiti;Latin America and Caribbean;136;4.028;;0.34097;0.29561;0.27494;0.12072;0.14476;0.47958;237.116;2016
Botswana;Sub-Saharan Africa;137;3.974;;109.426;0.89186;0.34752;0.44089;0.10769;0.12425;0.96741;2016
Comoros;Sub-Saharan Africa;138;3.956;;0.27509;0.60323;0.29981;0.15412;0.18437;0.1827;225.632;2016
Ivory Coast;Sub-Saharan Africa;139;3.916;;0.55507;0.57576;0.04476;0.40663;0.1553;0.20338;197.478;2016
Cambodia;Southeastern Asia;140;3.907;;0.55604;0.5375;0.42494;0.58852;0.08092;0.40339;131.573;2016
Angola;Sub-Saharan Africa;141;3.866;;0.84731;0.66366;0.04991;0.00589;0.08434;0.12071;209.459;2016
Niger;Sub-Saharan Africa;142;3.856;;0.1327;0.6053;0.26162;0.38041;0.17176;0.2097;209.469;2016
South Sudan;Sub-Saharan Africa;143;3.832;;0.39394;0.18519;0.15781;0.19662;0.13015;0.25899;250.929;2016
Chad;Sub-Saharan Africa;144;3.763;;0.42214;0.63178;0.03824;0.12807;0.04952;0.18667;230.637;2016
Burkina Faso;Sub-Saharan Africa;145;3.739;;0.31995;0.63054;0.21297;0.3337;0.12533;0.24353;187.319;2016
Uganda;Sub-Saharan Africa;145;3.739;;0.34719;0.90981;0.19625;0.43653;0.06442;0.27102;151.416;2016
Yemen;Middle East and Northern Africa;147;3.724;;0.57939;0.47493;0.31048;0.2287;0.05892;0.09821;197.295;2016
Madagascar;Sub-Saharan Africa;148;3.695;;0.27954;0.46115;0.37109;0.13684;0.07506;0.2204;215.075;2016
Tanzania;Sub-Saharan Africa;149;3.666;;0.47155;0.77623;0.357;0.3176;0.05099;0.31472;137.769;2016
Liberia;Sub-Saharan Africa;150;3.622;;0.10706;0.50353;0.23165;0.25748;0.04852;0.24063;223.284;2016
Guinea;Sub-Saharan Africa;151;3.607;;0.22415;0.3109;0.18829;0.30953;0.1192;0.29914;215.604;2016
Rwanda;Sub-Saharan Africa;152;3.515;;0.32846;0.61586;0.31865;0.5432;0.50521;0.23552;0.96819;2016
Benin;Sub-Saharan Africa;153;3.484;;0.39499;0.10419;0.21028;0.39747;0.06681;0.2018;210.812;2016
Afghanistan;Southern Asia;154;3.36;;0.38227;0.11037;0.17344;0.1643;0.07112;0.31268;214.558;2016
Togo;Sub-Saharan Africa;155;3.303;;0.28123;0;0.24811;0.34678;0.11587;0.17517;21.354;2016
Syria;Middle East and Northern Africa;156;3.069;;0.74719;0.14866;0.62994;0.06912;0.17233;0.48397;0.81789;2016
Burundi;Sub-Saharan Africa;157;2.905;;0.06831;0.23442;0.15747;0.0432;0.09419;0.2029;210.404;2016
Norway;;1;753.700.017.929.077;;161.646.318.435.669;153.352.355.957.031;0.796666502952576;0.635422587394714;0.36201223731041;0.315963834524155;227.702.665.328.979;2017
Denmark;;2;752.199.983.596.802;;148.238.301.277.161;155.112.159.252.167;0.792565524578094;0.626006722450256;0.355280488729477;0.40077006816864;231.370.735.168.457;2017
Iceland;;3;750.400.018.692.017;;1.480.633.020.401;16.105.740.070.343;0.833552122116089;0.627162635326385;0.475540220737457;0.153526559472084;232.271.528.244.019;2017
Switzerland;;4;749.399.995.803.833;;156.497.955.322.266;151.691.174.507.141;0.858131289482117;0.620070576667786;0.290549278259277;0.367007285356522;22.767.162.322.998;2017
Finland;;5;74.689.998.626.709;;144.357.192.516.327;15.402.467.250.824;0.80915766954422;0.617950856685638;0.24548277258873;0.38261154294014;24.301.815.032.959;2017
Netherlands;;6;73.769.998.550.415;;150.394.463.539.124;142.893.922.328.949;0.810696125030518;0.585384488105774;0.470489829778671;0.282661825418472;229.480.409.622.192;2017
Canada;;7;731.599.998.474.121;;147.920.441.627.502;148.134.899.139.404;0.83455765247345;0.611100912094116;0.435539722442627;0.287371516227722;218.726.444.244.385;2017
New Zealand;;8;731.400.012.969.971;;140.570.604.801.178;154.819.512.367.249;0.816759705543518;0.614062130451202;0.500005125999451;0.382816702127457;20.464.563.369.751;2017
Sweden;;9;728.399.991.989.136;;149.438.726.902.008;147.816.216.945.648;0.830875158309937;0.612924098968506;0.385399252176285;0.384398728609085;209.753.799.438.477;2017
Australia;;10;728.399.991.989.136;;1.484.414.935.112;151.004.195.213.318;0.84388679265976;0.601607382297516;0.477699249982834;0.301183730363846;206.521.081.924.438;2017
Israel;;11;721.299.982.070.923;;137.538.242.340.088;137.628.996.372.223;0.83840399980545;0.405988603830338;0.330082654953003;0.0852421000599861;280.175.733.566.284;2017
Costa Rica;;12;70.789.999.961.853;;110.970.628.261.566;141.640.365.123.749;0.759509265422821;0.580131649971008;0.214613229036331;0.100106589496136;289.863.920.211.792;2017
Austria;;13;700.600.004.196.167;;148.709.726.333.618;14.599.449.634.552;0.815328419208527;0.567766189575195;0.316472321748734;0.221060365438461;21.385.064.125.061;2017
United States;;14;699.300.003.051.758;;154.625.928.401.947;141.992.056.369.781;0.77428662776947;0.505740523338318;0.392578780651093;0.135638788342476;22.181.134.223.938;2017
Ireland;;15;697.700.023.651.123;;153.570.663.928.986;155.823.111.534.119;0.80978262424469;0.573110342025757;0.42785832285881;0.29838815331459;177.386.903.762.817;2017
Germany;;16;695.100.021.362.305;;148.792.338.371.277;147.252.035.140.991;0.798950731754303;0.562511384487152;0.336269170045853;0.276731938123703;201.576.995.849.609;2017
Belgium;;17;689.099.979.400.635;;146.378.076.076.508;146.231.269.836.426;0.818091869354248;0.539770722389221;0.231503337621689;0.251343131065369;212.421.035.766.602;2017
Luxembourg;;18;686.299.991.607.666;;174.194.359.779.358;145.758.366.584.778;0.845089495182037;0.59662789106369;0.283180981874466;0.31883442401886;161.951.208.114.624;2017
United Kingdom;;19;671.400.022.506.714;;144.163.393.974.304;149.646.008.014.679;0.805335938930511;0.508190035820007;0.492774158716202;0.265428066253662;170.414.352.416.992;2017
Chile;;20;665.199.995.040.894;;125.278.460.979.462;128.402.495.384.216;0.819479703903198;0.376895278692245;0.326662421226501;0.0822879821062088;250.958.585.739.136;2017
United Arab Emirates;;21;664.799.976.348.877;;162.634.336.948.395;126.641.023.159.027;0.726798236370087;0.60834527015686;0.3609419465065;0.324489563703537;1.734.703.540.802;2017
Brazil;;22;663.500.022.888.184;;110.735.321.044.922;143.130.600.452.423;0.616552352905273;0.437453746795654;0.16234989464283;0.111092761158943;276.926.708.221.436;2017
Czech Republic;;23;660.900.020.599.365;;135.268.235.206.604;143.388.521.671.295;0.754444003105164;0.490946173667908;0.0881067588925362;0.0368729270994663;245.186.185.836.792;2017
Argentina;;24;659.899.997.711.182;;118.529.546.260.834;144.045.114.517.212;0.695137083530426;0.494519203901291;0.109457060694695;0.059739887714386;261.400.532.722.473;2017
Mexico;;25;657.800.006.866.455;;115.318.381.786.346;1.210.862.159.729;0.709978997707367;0.412730008363724;0.120990432798862;0.132774114608765;283.715.486.526.489;2017
Singapore;;26;657.200.002.670.288;;169.227.766.990.662;135.381.436.347.961;0.949492394924164;0.549840569496155;0.345965981483459;0.46430778503418;121.636.199.951.172;2017
Malta;;27;652.699.995.040.894;;134.327.983.856.201;148.841.166.496.277;0.821944236755371;0.588767051696777;0.574730575084686;0.153066068887711;155.686.283.111.572;2017
Uruguay;;28;64.539.999.961.853;;121.755.969.524.384;141.222.786.903.381;0.719216823577881;0.57939225435257;0.175096929073334;0.178061872720718;217.240.953.445.435;2017
Guatemala;;29;64.539.999.961.853;;0.872001945972443;125.558.519.363.403;0.540239989757538;0.531310617923737;0.283488392829895;0.0772232785820961;289.389.109.611.511;2017
Panama;;30;64.520.001.411.438;;123.374.843.597.412;137.319.254.875.183;0.706156134605408;0.550026834011078;0.21055693924427;0.070983923971653;230.719.995.498.657;2017
France;;31;644.199.991.226.196;;143.092.346.191.406;138.777.685.165.405;0.844465851783752;0.470222115516663;0.129762306809425;0.172502428293228;200.595.474.243.164;2017
Thailand;;32;642.399.978.637.695;;112.786.877.155.304;142.579.245.567.322;0.647239029407501;0.580200731754303;0.572123110294342;0.0316127352416515;203.950.834.274.292;2017
Taiwan Province of China;;33;642.199.993.133.545;;143.362.653.255.463;138.456.535.339.355;0.793984234333038;0.361466586589813;0.258360475301743;0.0638292357325554;21.266.074.180.603;2017
Spain;;34;640.299.987.792.969;;138.439.786.434.174;153.209.090.232.849;0.888960599899292;0.408781230449677;0.190133571624756;0.0709140971302986;192.775.774.002.075;2017
Qatar;;35;6.375;;187.076.568.603.516;127.429.687.976.837;0.710098087787628;0.604130983352661;0.330473870038986;0.439299255609512;11.454.644.203.186;2017
Colombia;;36;635.699.987.411.499;;107.062.232.494.354;14.021.829.366.684;0.595027923583984;0.477487415075302;0.149014472961426;0.0466687418520451;261.606.812.477.112;2017
Saudi Arabia;;37;63.439.998.626.709;;153.062.355.518.341;128.667.759.895.325;0.590148329734802;0.449750572443008;0.147616013884544;0.27343225479126;20.654.296.875;2017
Trinidad and Tobago;;38;616.800.022.125.244;;136.135.590.076.447;13.802.285.194.397;0.519983291625977;0.518630743026733;0.325296461582184;0.00896481610834599;205.324.745.178.223;2017
Kuwait;;39;610.500.001.907.349;;163.295.245.170.593;125.969.874.858.856;0.632105708122253;0.496337592601776;0.228289797902107;0.215159550309181;164.042.520.523.071;2017
Slovakia;;40;609.800.004.959.106;;132.539.355.754.852;150.505.924.224.854;0.712732911109924;0.295817464590073;0.136544480919838;0.0242108516395092;209.777.665.138.245;2017
Bahrain;;41;608.699.989.318.848;;148.841.226.100.922;132.311.046.123.505;0.653133034706116;0.536746919155121;0.172668486833572;0.257042169570923;165.614.938.735.962;2017
Malaysia;;42;608.400.011.062.622;;129.121.541.976.929;128.464.603.424.072;0.618784427642822;0.402264982461929;0.416608929634094;0.0656007081270218;200.444.889.068.604;2017
Nicaragua;;43;607.100.009.918.213;;0.737299203872681;128.721.570.968.628;0.653095960617065;0.447551846504211;0.301674216985703;0.130687981843948;251.393.055.915.833;2017
Ecuador;;44;600.799.989.700.317;;100.082.039.833.069;128.616.881.370.544;0.685636222362518;0.4551981985569;0.150112465023994;0.140134647488594;229.035.258.293.152;2017
El Salvador;;45;600.299.978.256.226;;0.909784495830536;118.212.509.155.273;0.596018552780151;0.432452529668808;0.0782579854130745;0.0899809598922729;27.145.938.873.291;2017
Poland;;46;597.300.004.959.106;;129.178.786.277.771;144.571.197.032.928;0.699475347995758;0.520342111587524;0.158465966582298;0.0593078061938286;179.772.281.646.729;2017
Uzbekistan;;47;597.100.019.454.956;;0.786441087722778;154.896.914.958.954;0.498272627592087;0.658248662948608;0.415983647108078;0.246528223156929;181.691.360.473.633;2017
Italy;;48;596.400.022.506.714;;139.506.661.891.937;144.492.328.166.962;0.853144347667694;0.256450712680817;0.17278964817524;0.0280280914157629;181.331.205.368.042;2017
Russia;;49;596.299.982.070.923;;128.177.809.715.271;146.928.238.868.713;0.547349333763123;0.373783111572266;0.0522638224065304;0.0329628810286522;220.560.741.424.561;2017
Belize;;50;595.599.985.122.681;;0.907975316047668;108.141.779.899.597;0.450191766023636;0.547509372234344;0.240015640854836;0.0965810716152191;263.195.562.362.671;2017
Japan;;51;592.000.007.629.395;;141.691.517.829.895;143.633.782.863.617;0.913475871086121;0.505625545978546;0.12057276815176;0.163760736584663;136.322.355.270.386;2017
Lithuania;;52;590.199.995.040.894;;131.458.234.786.987;147.351.610.660.553;0.62894994020462;0.234231784939766;0.010164656676352;0.0118656428530812;222.844.052.314.758;2017
Algeria;;53;587.200.021.743.774;;109.186.446.666.718;11.462.174.654.007;0.617584645748138;0.233335807919502;0.0694366469979286;0.146096110343933;256.760.382.652.283;2017
Latvia;;54;584.999.990.463.257;;126.074.862.480.164;140.471.494.197.845;0.638566970825195;0.325707912445068;0.153074786067009;0.0738427266478539;199.365.520.477.295;2017
South Korea;;55;583.799.982.070.923;;140.167.844.295.502;112.827.444.076.538;0.900214076042175;0.257921665906906;0.206674367189407;0.0632826685905457;188.037.800.788.879;2017
Moldova;;56;583.799.982.070.923;;0.728870630264282;125.182.557.106.018;0.589465200901031;0.240729048848152;0.208779126405716;0.0100912861526012;280.780.839.920.044;2017
Romania;;57;582.499.980.926.514;;121.768.391.132.355;115.009.129.047.394;0.685158312320709;0.457003742456436;0.133519917726517;0.00438790069893003;217.683.148.384.094;2017
Bolivia;;58;582.299.995.422.363;;0.833756566047668;122.761.905.193.329;0.473630249500275;0.558732926845551;0.22556072473526;0.0604777261614799;244.327.902.793.884;2017
Turkmenistan;;59;582.200.002.670.288;;113.077.676.296.234;149.314.916.133.881;0.437726080417633;0.41827192902565;0.24992498755455;0.259270340204239;183.290.982.246.399;2017
Kazakhstan;;60;581.899.976.730.347;;128.455.626.964.569;138.436.901.569.366;0.606041550636292;0.437454283237457;0.201964423060417;0.119282886385918;178.489.255.905.151;2017
North Cyprus;;61;580.999.994.277.954;;13.469.113.111.496;118.630.337.715.149;0.834647238254547;0.471203625202179;0.266845703125;0.155353352427483;154.915.761.947.632;2017
Slovenia;;62;575.799.989.700.317;;13.412.059.545.517;145.251.882.076.263;0.790828227996826;0.572575807571411;0.242649093270302;0.0451289787888527;131.331.729.888.916;2017
Peru;;63;571.500.015.258.789;;103.522.527.217.865;121.877.038.478.851;0.630166113376617;0.450002878904343;0.126819714903831;0.0470490865409374;220.726.943.016.052;2017
Mauritius;;64;562.900.018.692.017;;118.939.554.691.315;120.956.099.033.356;0.638007462024689;0.491247326135635;0.360933750867844;0.0421815551817417;16.975.839.138.031;2017
Cyprus;;65;562.099.981.307.983;;135.593.807.697.296;113.136.327.266.693;0.84471470117569;0.355111539363861;0.271254301071167;0.0412379764020443;162.124.919.891.357;2017
Estonia;;66;561.100.006.103.516;;132.087.934.017.181;147.667.109.966.278;0.695168316364288;0.479131430387497;0.0988908112049103;0.183248922228813;135.750.865.936.279;2017
Belarus;;67;556.899.976.730.347;;115.655.755.996.704;144.494.521.617.889;0.637714266777039;0.295400261878967;0.15513750910759;0.156313821673393;172.323.298.454.285;2017
Libya;;68;552.500.009.536.743;;110.180.306.434.631;135.756.433.010.101;0.520169019699097;0.465733230113983;0.152073666453362;0.0926102101802826;183.501.124.382.019;2017
Turkey;;69;5.5;;119.827.437.400.818;133.775.317.668.915;0.637605607509613;0.300740599632263;0.0466930419206619;0.0996715798974037;187.927.794.456.482;2017
Paraguay;;70;549.300.003.051.758;;0.932537317276001;150.728.487.968.445;0.579250693321228;0.473507791757584;0.224150657653809;0.091065913438797;16.853.334.903.717;2017
Hong Kong S.A.R.;; China;71;;539.440.607.100.725;155.167.484.283.447;126.279.091.835.022;0.943062424659729;0.490968644618988;0.374465793371201;0.293933749198914;2017
Philippines;;72;542.999.982.833.862;;0.85769921541214;125.391.757.488.251;0.468009054660797;0.585214674472809;0.193513423204422;0.0993318930268288;197.260.475.158.691;2017
Serbia;;73;539.499.998.092.651;;106.931.757.926.941;125.818.979.740.143;0.65078467130661;0.208715528249741;0.220125883817673;0.0409037806093693;194.708.442.687.988;2017
Jordan;;74;533.599.996.566.772;;0.991012394428253;123.908.889.293.671;0.604590058326721;0.418421149253845;0.172170460224152;0.11980327218771;179.117.655.754.089;2017
Hungary;;75;532.399.988.174.438;;12.860.119.342.804;134.313.309.192.657;0.687763452529907;0.175863519310951;0.0784016624093056;0.0366369374096394;171.645.927.429.199;2017
Jamaica;;76;531.099.987.030.029;;0.925579309463501;136.821.806.430.817;0.641022384166718;0.474307239055634;0.233818337321281;0.0552677810192108;161.232.566.833.496;2017
Croatia;;77;529.300.022.125.244;;122.255.623.340.607;0.96798300743103;0.701288521289825;0.255772292613983;0.248002976179123;0.0431031100451946;185.449.242.591.858;2017
Kosovo;;78;527.899.980.545.044;;0.951484382152557;113.785.350.322.723;0.541452050209045;0.260287940502167;0.319931447505951;0.0574716180562973;201.054.072.380.066;2017
China;;79;527.299.976.348.877;;108.116.579.055.786;116.083.741.188.049;0.741415500640869;0.472787708044052;0.0288068410009146;0.0227942746132612;176.493.859.291.077;2017
Pakistan;;80;526.900.005.340.576;;0.72688353061676;0.672690689563751;0.402047783136368;0.23521526157856;0.315446019172668;0.124348066747189;279.248.929.023.743;2017
Indonesia;;81;526.200.008.392.334;;0.995538592338562;127.444.469.928.741;0.492345720529556;0.443323463201523;0.611704587936401;0.0153171354904771;142.947.697.639.465;2017
Venezuela;;82;5.25;;112.843.120.098.114;143.133.759.498.596;0.617144227027893;0.153997123241425;0.0650196298956871;0.0644911229610443;178.946.375.846.863;2017
Montenegro;;83;523.699.998.855.591;;112.112.903.594.971;123.837.649.822.235;0.667464673519135;0.194989055395126;0.197911024093628;0.0881741940975189;172.919.154.167.175;2017
Morocco;;84;52.350.001.335.144;;0.878114581108093;0.774864435195923;0.59771066904068;0.408158332109451;0.0322099551558495;0.0877631828188896;245.618.939.399.719;2017
Azerbaijan;;85;523.400.020.599.365;;115.360.176.563.263;115.240.025.520.325;0.540775775909424;0.398155838251114;0.0452693402767181;0.180987507104874;176.248.168.945.312;2017
Dominican Republic;;86;523.000.001.907.349;;107.937.383.651.733;140.241.670.608.521;0.574873745441437;0.55258983373642;0.186967849731445;0.113945253193378;131.946.516.036.987;2017
Greece;;87;522.700.023.651.123;;128.948.748.111.725;123.941.457.271.576;0.810198903083801;0.0957312509417534;0;0.04328977689147;174.922.156.333.923;2017
Lebanon;;88;522.499.990.463.257;;107.498.753.070.831;112.962.424.755.096;0.735081076622009;0.288515985012054;0.264450758695602;0.037513829767704;169.507.384.300.232;2017
Portugal;;89;519.500.017.166.138;;13.151.752.948.761;136.704.301.834.106;0.795843541622162;0.498465299606323;0.0951027125120163;0.0158694516867399;110.768.270.492.554;2017
Bosnia and Herzegovina;;90;518.200.016.021.729;;0.982409417629242;10.693.359.375;0.705186307430267;0.204403176903725;0.328867495059967;0;189.217.257.499.695;2017
Honduras;;91;518.100.023.269.653;;0.730573117733002;114.394.497.871.399;0.582569479942322;0.348079860210419;0.236188873648643;0.0733454525470734;206.581.115.722.656;2017
Macedonia;;92;517.500.019.073.486;;106.457.793.712.616;120.789.301.395.416;0.644948184490204;0.325905978679657;0.25376096367836;0.0602777935564518;16.174.693.107.605;2017
Somalia;;93;515.100.002.288.818;;0.0226431842893362;0.721151351928711;0.113989137113094;0.602126955986023;0.291631311178207;0.282410323619843;311.748.456.954.956;2017
Vietnam;;94;507.399.988.174.438;;0.788547575473785;127.749.133.110.046;0.652168989181519;0.571055591106415;0.234968051314354;0.0876332372426987;146.231.865.882.874;2017
Nigeria;;95;507.399.988.174.438;;0.783756256103516;121.577.048.301.697;0.0569157302379608;0.394952565431595;0.230947196483612;0.0261215660721064;236.539.053.916.931;2017
Tajikistan;;96;504.099.988.937.378;;0.524713635444641;127.146.327.495.575;0.529235124588013;0.471566706895828;0.248997643589973;0.146377146244049;184.904.932.975.769;2017
Bhutan;;97;501.100.015.640.259;;0.885416388511658;134.012.651.443.481;0.495879292488098;0.501537680625916;0.474054545164108;0.173380389809608;114.018.440.246.582;2017
Kyrgyzstan;;98;500.400.018.692.017;;0.596220076084137;139.423.859.119.415;0.553457796573639;0.454943388700485;0.42858037352562;0.0394391790032387;153.672.313.690.186;2017
Nepal;;99;496.199.989.318.848;;0.479820191860199;117.928.326.129.913;0.504130780696869;0.440305948257446;0.394096165895462;0.0729755461215973;18.912.410.736.084;2017
Mongolia;;100;495.499.992.370.605;;102.723.586.559.296;14.930.112.361.908;0.557783484458923;0.394143968820572;0.338464230298996;0.0329022891819477;111.129.236.221.313;2017
South Africa;;101;48.289.999.961.853;;105.469.870.567.322;138.478.863.239.288;0.187080070376396;0.479246735572815;0.139362379908562;0.0725094974040985;151.090.860.366.821;2017
Tunisia;;102;480.499.982.833.862;;100.726.580.619.812;0.868351459503174;0.613212049007416;0.289680689573288;0.0496933571994305;0.0867231488227844;189.025.115.966.797;2017
Palestinian Territories;;103;477.500.009.536.743;;0.716249227523804;115.564.715.862.274;0.565666973590851;0.25471106171608;0.114173173904419;0.0892826020717621;18.788.902.759.552;2017
Egypt;;104;47.350.001.335.144;;0.989701807498932;0.997471392154694;0.520187258720398;0.282110154628754;0.128631442785263;0.114381365478039;170.216.107.368.469;2017
Bulgaria;;105;471.400.022.506.714;;11.614.590.883.255;143.437.945.842.743;0.708217680454254;0.289231717586517;0.113177694380283;0.0110515309497714;0.996139287948608;2017
Sierra Leone;;106;470.900.011.062.622;;0.36842092871666;0.984136044979095;0.00556475389748812;0.318697690963745;0.293040901422501;0.0710951760411263;266.845.989.227.295;2017
Cameroon;;107;469.500.017.166.138;;0.564305365085602;0.946018218994141;0.132892116904259;0.430388748645782;0.236298456788063;0.0513066314160824;23.336.455.821.991;2017
Iran;;108;469.199.991.226.196;;115.687.310.695.648;0.711551249027252;0.639333188533783;0.249322608113289;0.387242913246155;0.048761073499918;149.873.495.101.929;2017
Albania;;109;464.400.005.340.576;;0.996192753314972;0.803685247898102;0.731159746646881;0.381498634815216;0.201312944293022;0.0398642159998417;149.044.156.074.524;2017
Bangladesh;;110;460.799.980.163.574;;0.586682975292206;0.735131740570068;0.533241033554077;0.478356659412384;0.172255352139473;0.123717859387398;197.873.616.218.567;2017
Namibia;;111;457.399.988.174.438;;0.964434325695038;10.984.708.070.755;0.33861181139946;0.520303547382355;0.0771337449550629;0.0931469723582268;14.818.902.015.686;2017
Kenya;;112;455.299.997.329.712;;0.560479462146759;106.795.072.555.542;0.309988349676132;0.452763766050339;0.444860309362411;0.0646413192152977;16.519.021.987.915;2017
Mozambique;;113;455.000.019.073.486;;0.234305649995804;0.870701014995575;0.106654435396194;0.480791091918945;0.322228103876114;0.179436385631561;235.565.090.179.443;2017
Myanmar;;114;454.500.007.629.395;;0.367110550403595;112.323.594.093.323;0.397522568702698;0.514492034912109;0.838075160980225;0.188816204667091;111.529.040.336.609;2017
Senegal;;115;453.499.984.741.211;;0.479309022426605;117.969.191.074.371;0.409362852573395;0.377922266721725;0.183468893170357;0.115460447967052;178.964.614.868.164;2017
Zambia;;116;451.399.993.896.484;;0.636406779289246;100.318.729.877.472;0.257835894823074;0.461603492498398;0.249580144882202;0.0782135501503944;182.670.545.578.003;2017
Iraq;;117;449.700.021.743.774;;110.271.048.545.837;0.978613197803497;0.501180469989777;0.288555532693863;0.19963726401329;0.107215754687786;131.890.726.089.478;2017
Gabon;;118;446.500.015.258.789;;11.982.102.394.104;11.556.202.173.233;0.356578588485718;0.312328577041626;0.0437853783369064;0.0760467872023582;132.291.626.930.237;2017
Ethiopia;;119;446.000.003.814.697;;0.339233845472336;0.86466920375824;0.353409707546234;0.408842742443085;0.312650740146637;0.165455713868141;201.574.373.245.239;2017
Sri Lanka;;120;444.000.005.722.046;;100.985.014.438.629;125.997.638.702.393;0.625130832195282;0.561213254928589;0.490863561630249;0.0736539661884308;0.419389247894287;2017
Armenia;;121;437.599.992.752.075;;0.900596737861633;100.748.372.077.942;0.637524425983429;0.198303267359734;0.0834880918264389;0.0266744215041399;15.214.991.569.519;2017
India;;122;431.500.005.722.046;;0.792221248149872;0.754372596740723;0.455427616834641;0.469987004995346;0.231538489460945;0.0922268852591515;15.191.171.169.281;2017
Mauritania;;123;429.199.981.689.453;;0.648457288742065;12.720.308.303.833;0.285349279642105;0.0960980430245399;0.201870024204254;0.136957004666328;165.163.731.575.012;2017
Congo (Brazzaville);;124;429.099.988.937.378;;0.808964252471924;0.832044363021851;0.28995743393898;0.435025870800018;0.120852127671242;0.0796181336045265;172.413.563.728.333;2017
Georgia;;125;428.599.977.493.286;;0.950612664222717;0.57061493396759;0.649546980857849;0.309410035610199;0.0540088154375553;0.251666635274887;150.013.780.593.872;2017
Congo (Kinshasa);;126;428.000.020.980.835;;0.0921023488044739;122.902.345.657.349;0.191407024860382;0.235961347818375;0.246455833315849;0.0602413564920425;222.495.865.821.838;2017
Mali;;127;419.000.005.722.046;;0.476180493831635;128.147.339.820.862;0.169365674257278;0.306613743305206;0.183354198932648;0.104970246553421;166.819.095.611.572;2017
Ivory Coast;;128;417.999.982.833.862;;0.603048920631409;0.904780030250549;0.0486421696841717;0.447706192731857;0.201237469911575;0.130061775445938;184.496.426.582.336;2017
Cambodia;;129;416.800.022.125.244;;0.601765096187592;100.623.834.133.148;0.429783403873444;0.633375823497772;0.385922968387604;0.0681059509515762;104.294.109.344.482;2017
Sudan;;130;413.899.993.896.484;;0.65951669216156;121.400.856.971.741;0.290920823812485;0.0149958552792668;0.182317450642586;0.089847519993782;168.706.583.976.746;2017
Ghana;;131;411.999.988.555.908;;0.667224824428558;0.873664736747742;0.295637726783752;0.423026293516159;0.256923943758011;0.0253363698720932;157.786.750.793.457;2017
Ukraine;;132;409.600.019.454.956;;0.89465194940567;139.453.756.809.235;0.575903952121735;0.122974775731564;0.270061463117599;0.0230294708162546;0.814382314682007;2017
Uganda;;133;408.099.985.122.681;;0.381430715322495;112.982.773.780.823;0.217632606625557;0.443185955286026;0.325766056776047;0.057069718837738;1.526.362.657.547;2017
Burkina Faso;;134;403.200.006.484.985;;0.3502277135849;104.328.000.545.502;0.215844258666039;0.324367851018906;0.250864684581757;0.120328105986118;172.721.290.588.379;2017
Niger;;135;402.799.987.792.969;;0.161925330758095;0.993025004863739;0.26850500702858;0.36365869641304;0.228673845529556;0.138572946190834;187.398.338.317.871;2017
Malawi;;136;397.000.002.861.023;;0.233442038297653;0.512568831443787;0.315089583396912;0.466914653778076;0.287170469760895;0.0727116540074348;208.178.615.570.068;2017
Chad;;137;393.600.010.871.887;;0.438012987375259;0.953855872154236;0.0411347150802612;0.16234202682972;0.216113850474358;0.0535818822681904;207.123.804.092.407;2017
Zimbabwe;;138;3.875;;0.375846534967422;108.309.590.816.498;0.196763753890991;0.336384207010269;0.189143493771553;0.0953753814101219;159.797.024.726.868;2017
Lesotho;;139;380.800.008.773.804;;0.521021246910095;119.009.518.623.352;0;0.390661299228668;0.157497271895409;0.119094640016556;142.983.531.951.904;2017
Angola;;140;379.500.007.629.395;;0.858428180217743;110.441.195.964.813;0.0498686656355858;0;0.097926490008831;0.0697203353047371;161.448.240.280.151;2017
Afghanistan;;141;379.399.991.035.461;;0.401477217674255;0.581543326377869;0.180746778845787;0.106179520487785;0.311870932579041;0.0611578300595284;215.080.118.179.321;2017
Botswana;;142;376.600.003.242.493;;112.209.415.435.791;122.155.499.458.313;0.341755509376526;0.505196332931519;0.0993484482169151;0.0985831990838051;0.3779137134552;2017
Benin;;143;365.700.006.484.985;;0.431085407733917;0.435299843549728;0.209930211305618;0.425962775945663;0.207948461174965;0.0609290152788162;188.563.096.523.285;2017
Madagascar;;144;364.400.005.340.576;;0.305808693170547;0.913020372390747;0.375223308801651;0.189196765422821;0.208732530474663;0.0672319754958153;158.461.260.795.593;2017
Haiti;;145;36.029.999.256.134;;0.368610262870789;0.640449821949005;0.277321130037308;0.0303698573261499;0.489203780889511;0.0998721495270729;169.716.763.496.399;2017
Yemen;;146;359.299.993.515.015;;0.591683447360992;0.93538224697113;0.310080915689468;0.249463722109795;0.104125209152699;0.0567674227058887;134.560.060.501.099;2017
South Sudan;;147;359.100.008.010.864;;0.39724862575531;0.601323127746582;0.163486003875732;0.147062435746193;0.285670816898346;0.116793513298035;187.956.738.471.985;2017
Liberia;;148;353.299.999.237.061;;0.119041793048382;0.872117936611176;0.229918196797371;0.332881182432175;0.26654988527298;0.0389482490718365;167.328.596.115.112;2017
Guinea;;149;350.699.996.948.242;;0.244549930095673;0.791244685649872;0.194129139184952;0.348587512969971;0.264815092086792;0.110937617719173;155.231.189.727.783;2017
Togo;;150;349.499.988.555.908;;0.305444717407227;0.431882530450821;0.247105568647385;0.38042613863945;0.196896150708199;0.0956650152802467;183.722.925.186.157;2017
Rwanda;;151;347.099.995.613.098;;0.368745893239975;0.945707023143768;0.326424807310104;0.581843852996826;0.252756029367447;0.455220013856888;0.540061235427856;2017
Syria;;152;346.199.989.318.848;;0.777153134346008;0.396102607250214;0.50053334236145;0.0815394446253777;0.493663728237152;0.151347130537033;106.157.350.540.161;2017
Tanzania;;153;334.899.997.711.182;;0.511135876178741;104.198.980.331.421;0.364509284496307;0.390017777681351;0.354256361722946;0.0660351067781448;0.621130466461182;2017
Burundi;;154;290.499.997.138.977;;0.091622568666935;0.629793584346771;0.151610791683197;0.0599007532000542;0.204435184597969;0.0841479450464249;168.302.416.801.453;2017
Central African Republic;;155;269.300.007.820.129;;0;0;0.0187726859003305;0.270842045545578;0.280876487493515;0.0565650761127472;206.600.475.311.279;2017
Finland;;1;7.632;;1.305;1.592;0.874;0.681;0.393;0.202;;2018
Norway;;2;7.594;;1.456;1.582;0.861;0.686;0.340;0.286;;2018
Denmark;;3;7.555;;1.351;1.590;0.868;0.683;0.408;0.284;;2018
Iceland;;4;7.495;;1.343;1.644;0.914;0.677;0.138;0.353;;2018
Switzerland;;5;7.487;;1.420;1.549;0.927;0.660;0.357;0.256;;2018
Netherlands;;6;7.441;;1.361;1.488;0.878;0.638;0.295;0.333;;2018
Canada;;7;7.328;;1.330;1.532;0.896;0.653;0.291;0.321;;2018
New Zealand;;8;7.324;;1.268;1.601;0.876;0.669;0.389;0.365;;2018
Sweden;;9;7.314;;1.355;1.501;0.913;0.659;0.383;0.285;;2018
Australia;;10;7.272;;1.340;1.573;0.910;0.647;0.302;0.361;;2018
United Kingdom;;11;7.190;;1.244;1.433;0.888;0.464;0.082;0.262;;2018
Austria;;12;7.139;;1.341;1.504;0.891;0.617;0.224;0.242;;2018
Costa Rica;;13;7.072;;1.010;1.459;0.817;0.632;0.101;0.143;;2018
Ireland;;14;6.977;;1.448;1.583;0.876;0.614;0.306;0.307;;2018
Germany;;15;6.965;;1.340;1.474;0.861;0.586;0.280;0.273;;2018
Belgium;;16;6.927;;1.324;1.483;0.894;0.583;0.240;0.188;;2018
Luxembourg;;17;6.910;;1.576;1.520;0.896;0.632;0.321;0.196;;2018
United States;;18;6.886;;1.398;1.471;0.819;0.547;0.133;0.291;;2018
Israel;;19;6.814;;1.301;1.559;0.883;0.533;0.272;0.354;;2018
United Arab Emirates;;20;6.774;;2.096;0.776;0.670;0.284;N/A;0.186;;2018
Czech Republic;;21;6.711;;1.233;1.489;0.854;0.543;0.034;0.064;;2018
Malta;;22;6.627;;1.270;1.525;0.884;0.645;0.142;0.376;;2018
France;;23;6.489;;1.293;1.466;0.908;0.520;0.176;0.098;;2018
Mexico;;24;6.488;;1.038;1.252;0.761;0.479;0.095;0.069;;2018
Chile;;25;6.476;;1.131;1.331;0.808;0.431;0.061;0.197;;2018
Taiwan;;26;6.441;;1.365;1.436;0.857;0.418;0.078;0.151;;2018
Panama;;27;6.430;;1.112;1.438;0.759;0.597;0.063;0.125;;2018
Brazil;;28;6.419;;0.986;1.474;0.675;0.493;0.088;0.110;;2018
Argentina;;29;6.388;;1.073;1.468;0.744;0.570;0.054;0.062;;2018
Guatemala;;30;6.382;;0.781;1.268;0.608;0.604;0.071;0.179;;2018
Uruguay;;31;6.379;;1.093;1.459;0.771;0.625;0.155;0.130;;2018
Qatar;;32;6.374;;1.649;1.303;0.748;0.654;0.171;0.256;;2018
Saudi Arabia;;33;6.371;;1.379;1.331;0.633;0.509;0.127;0.098;;2018
Singapore;;34;6.343;;1.529;1.451;1.008;0.631;0.457;0.261;;2018
Malaysia;;35;6.322;;1.161;1.258;0.669;0.356;0.059;0.311;;2018
Spain;;36;6.310;;1.251;1.538;0.965;0.449;0.074;0.142;;2018
Colombia;;37;6.260;;0.960;1.439;0.635;0.531;0.039;0.099;;2018
Trinidad & Tobago;;38;6.192;;1.223;1.492;0.564;0.575;0.019;0.171;;2018
Slovakia;;39;6.173;;1.210;1.537;0.776;0.354;0.014;0.118;;2018
El Salvador;;40;6.167;;0.806;1.231;0.639;0.461;0.082;0.065;;2018
Nicaragua;;41;6.141;;0.668;1.319;0.700;0.527;0.128;0.208;;2018
Poland;;42;6.123;;1.176;1.448;0.781;0.546;0.064;0.108;;2018
Bahrain;;43;6.105;;1.338;1.366;0.698;0.594;0.123;0.243;;2018
Uzbekistan;;44;6.096;;0.719;1.584;0.605;0.724;0.259;0.328;;2018
Kuwait;;45;6.083;;1.474;1.301;0.675;0.554;0.106;0.167;;2018
Thailand;;46;6.072;;1.016;1.417;0.707;0.637;0.029;0.364;;2018
Italy;;47;6.000;;1.264;1.501;0.946;0.281;0.028;0.137;;2018
Ecuador;;48;5.973;;0.889;1.330;0.736;0.556;0.120;0.114;;2018
Belize;;49;5.956;;0.807;1.101;0.474;0.593;0.089;0.183;;2018
Lithuania;;50;5.952;;1.197;1.527;0.716;0.350;0.006;0.026;;2018
Slovenia;;51;5.948;;1.219;1.506;0.856;0.633;0.051;0.160;;2018
Romania;;52;5.945;;1.116;1.219;0.726;0.528;0.001;0.088;;2018
Latvia;;53;5.933;;1.148;1.454;0.671;0.363;0.066;0.092;;2018
Japan;;54;5.915;;1.294;1.462;0.988;0.553;0.150;0.079;;2018
Mauritius;;55;5.891;;1.090;1.387;0.684;0.584;0.050;0.245;;2018
Jamaica;;56;5.890;;0.819;1.493;0.693;0.575;0.031;0.096;;2018
South Korea;;57;5.875;;1.266;1.204;0.955;0.244;0.051;0.175;;2018
Northern Cyprus;;58;5.835;;1.229;1.211;0.909;0.495;0.154;0.179;;2018
Russia;;59;5.810;;1.151;1.479;0.599;0.399;0.025;0.065;;2018
Kazakhstan;;60;5.790;;1.143;1.516;0.631;0.454;0.121;0.148;;2018
Cyprus;;61;5.762;;1.229;1.191;0.909;0.423;0.035;0.202;;2018
Bolivia;;62;5.752;;0.751;1.223;0.508;0.606;0.054;0.141;;2018
Estonia;;63;5.739;;1.200;1.532;0.737;0.553;0.174;0.086;;2018
Paraguay;;64;5.681;;0.835;1.522;0.615;0.541;0.074;0.162;;2018
Peru;;65;5.663;;0.934;1.249;0.674;0.530;0.034;0.092;;2018
Kosovo;;66;5.662;;0.855;1.230;0.578;0.448;0.023;0.274;;2018
Moldova;;67;5.640;;0.657;1.301;0.620;0.232;0.000;0.171;;2018
Turkmenistan;;68;5.636;;1.016;1.533;0.517;0.417;0.037;0.199;;2018
Hungary;;69;5.620;;1.171;1.401;0.732;0.259;0.022;0.061;;2018
Libya;;70;5.566;;0.985;1.350;0.553;0.496;0.148;0.116;;2018
Philippines;;71;5.524;;0.775;1.312;0.513;0.643;0.105;0.120;;2018
Honduras;;72;5.504;;0.620;1.205;0.622;0.459;0.074;0.197;;2018
Belarus;;73;5.483;;1.039;1.498;0.700;0.307;0.154;0.101;;2018
Turkey;;74;5.483;;1.148;1.380;0.686;0.324;0.109;0.106;;2018
Pakistan;;75;5.472;;0.652;0.810;0.424;0.334;0.113;0.216;;2018
Hong Kong;;76;5.430;;1.405;1.290;1.030;0.524;0.291;0.246;;2018
Portugal;;77;5.410;;1.188;1.429;0.884;0.562;0.017;0.055;;2018
Serbia;;78;5.398;;0.975;1.369;0.685;0.288;0.043;0.134;;2018
Greece;;79;5.358;;1.154;1.202;0.879;0.131;0.044;0.000;;2018
Lebanon;;80;5.358;;0.965;1.179;0.785;0.503;0.136;0.214;;2018
Montenegro;;81;5.347;;1.017;1.279;0.729;0.259;0.081;0.111;;2018
Croatia;;82;5.321;;1.115;1.161;0.737;0.380;0.039;0.120;;2018
Dominican Republic;;83;5.302;;0.982;1.441;0.614;0.578;0.106;0.120;;2018
Algeria;;84;5.295;;0.979;1.154;0.687;0.077;0.135;0.055;;2018
Morocco;;85;5.254;;0.779;0.797;0.669;0.460;0.074;0.026;;2018
China;;86;5.246;;0.989;1.142;0.799;0.597;0.103;0.029;;2018
Azerbaijan;;87;5.201;;1.024;1.161;0.603;0.430;0.176;0.031;;2018
Tajikistan;;88;5.199;;0.474;1.166;0.598;0.292;0.034;0.187;;2018
Macedonia;;89;5.185;;0.959;1.239;0.691;0.394;0.052;0.173;;2018
Jordan;;90;5.161;;0.822;1.265;0.645;0.468;0.134;0.130;;2018
Nigeria;;91;5.155;;0.689;1.172;0.048;0.462;0.032;0.201;;2018
Kyrgyzstan;;92;5.131;;0.530;1.416;0.594;0.540;0.035;0.281;;2018
Bosnia and Herzegovina;;93;5.129;;0.915;1.078;0.758;0.280;0.000;0.216;;2018
Mongolia;;94;5.125;;0.914;1.517;0.575;0.395;0.032;0.253;;2018
Vietnam;;95;5.103;;0.715;1.365;0.702;0.618;0.079;0.177;;2018
Indonesia;;96;5.093;;0.899;1.215;0.522;0.538;0.018;0.484;;2018
Bhutan;;97;5.082;;0.796;1.335;0.527;0.541;0.171;0.364;;2018
Somalia;;98;4.982;;0.000;0.712;0.115;0.674;0.282;0.238;;2018
Cameroon;;99;4.975;;0.535;0.891;0.182;0.454;0.043;0.183;;2018
Bulgaria;;100;4.933;;1.054;1.515;0.712;0.359;0.009;0.064;;2018
Nepal;;101;4.880;;0.425;1.228;0.539;0.526;0.078;0.302;;2018
Venezuela;;102;4.806;;0.996;1.469;0.657;0.133;0.052;0.056;;2018
Gabon;;103;4.758;;1.036;1.164;0.404;0.356;0.052;0.032;;2018
Palestinian Territories;;104;4.743;;0.642;1.217;0.602;0.266;0.076;0.086;;2018
South Africa;;105;4.724;;0.940;1.410;0.330;0.516;0.056;0.103;;2018
Iran;;106;4.707;;1.059;0.771;0.691;0.459;0.129;0.282;;2018
Ivory Coast;;107;4.671;;0.541;0.872;0.080;0.467;0.103;0.146;;2018
Ghana;;108;4.657;;0.592;0.896;0.337;0.499;0.029;0.212;;2018
Senegal;;109;4.631;;0.429;1.117;0.433;0.406;0.082;0.138;;2018
Laos;;110;4.623;;0.720;1.034;0.441;0.626;0.174;0.230;;2018
Tunisia;;111;4.592;;0.900;0.906;0.690;0.271;0.063;0.040;;2018
Albania;;112;4.586;;0.916;0.817;0.790;0.419;0.032;0.149;;2018
Sierra Leone;;113;4.571;;0.256;0.813;0.000;0.355;0.053;0.238;;2018
Congo (Brazzaville);;114;4.559;;0.682;0.811;0.343;0.514;0.077;0.091;;2018
Bangladesh;;115;4.500;;0.532;0.850;0.579;0.580;0.144;0.153;;2018
Sri Lanka;;116;4.471;;0.918;1.314;0.672;0.585;0.050;0.307;;2018
Iraq;;117;4.456;;1.010;0.971;0.536;0.304;0.095;0.148;;2018
Mali;;118;4.447;;0.370;1.233;0.152;0.367;0.056;0.139;;2018
Namibia;;119;4.441;;0.874;1.281;0.365;0.519;0.064;0.051;;2018
Cambodia;;120;4.433;;0.549;1.088;0.457;0.696;0.065;0.256;;2018
Burkina Faso;;121;4.424;;0.314;1.097;0.254;0.312;0.128;0.175;;2018
Egypt;;122;4.419;;0.885;1.025;0.553;0.312;0.107;0.092;;2018
Mozambique;;123;4.417;;0.198;0.902;0.173;0.531;0.158;0.206;;2018
Kenya;;124;4.410;;0.493;1.048;0.454;0.504;0.055;0.352;;2018
Zambia;;125;4.377;;0.562;1.047;0.295;0.503;0.082;0.221;;2018
Mauritania;;126;4.356;;0.557;1.245;0.292;0.129;0.093;0.134;;2018
Ethiopia;;127;4.350;;0.308;0.950;0.391;0.452;0.146;0.220;;2018
Georgia;;128;4.340;;0.853;0.592;0.643;0.375;0.215;0.038;;2018
Armenia;;129;4.321;;0.816;0.990;0.666;0.260;0.028;0.077;;2018
Myanmar;;130;4.308;;0.682;1.174;0.429;0.580;0.178;0.598;;2018
Chad;;131;4.301;;0.358;0.907;0.053;0.189;0.060;0.181;;2018
Congo (Kinshasa);;132;4.245;;0.069;1.136;0.204;0.312;0.052;0.197;;2018
India;;133;4.190;;0.721;0.747;0.485;0.539;0.093;0.172;;2018
Niger;;134;4.166;;0.131;0.867;0.221;0.390;0.099;0.175;;2018
Uganda;;135;4.161;;0.322;1.090;0.237;0.450;0.061;0.259;;2018
Benin;;136;4.141;;0.378;0.372;0.240;0.440;0.067;0.163;;2018
Sudan;;137;4.139;;0.605;1.240;0.312;0.016;0.082;0.134;;2018
Ukraine;;138;4.103;;0.793;1.413;0.609;0.163;0.011;0.187;;2018
Togo;;139;3.999;;0.259;0.474;0.253;0.434;0.101;0.158;;2018
Guinea;;140;3.964;;0.344;0.792;0.211;0.394;0.094;0.185;;2018
Lesotho;;141;3.808;;0.472;1.215;0.079;0.423;0.112;0.116;;2018
Angola;;142;3.795;;0.730;1.125;0.269;0.000;0.061;0.079;;2018
Madagascar;;143;3.774;;0.262;0.908;0.402;0.221;0.049;0.155;;2018
Zimbabwe;;144;3.692;;0.357;1.094;0.248;0.406;0.099;0.132;;2018
Afghanistan;;145;3.632;;0.332;0.537;0.255;0.085;0.036;0.191;;2018
Botswana;;146;3.590;;1.017;1.174;0.417;0.557;0.092;0.042;;2018
Malawi;;147;3.587;;0.186;0.541;0.306;0.531;0.080;0.210;;2018
Haiti;;148;3.582;;0.315;0.714;0.289;0.025;0.104;0.392;;2018
Liberia;;149;3.495;;0.076;0.858;0.267;0.419;0.030;0.206;;2018
Syria;;150;3.462;;0.689;0.382;0.539;0.088;0.144;0.376;;2018
Rwanda;;151;3.408;;0.332;0.896;0.400;0.636;0.444;0.200;;2018
Yemen;;152;3.355;;0.442;1.073;0.343;0.244;0.064;0.083;;2018
Tanzania;;153;3.303;;0.455;0.991;0.381;0.481;0.097;0.270;;2018
South Sudan;;154;3.254;;0.337;0.608;0.177;0.112;0.106;0.224;;2018
Central African Republic;;155;3.083;;0.024;0.000;0.010;0.305;0.038;0.218;;2018
Burundi;;156;2.905;;0.091;0.627;0.145;0.065;0.076;0.149;;2018
Finland;;1;7.769;;1.340;1.587;0.986;0.596;0.393;0.153;;2019
Denmark;;2;7.600;;1.383;1.573;0.996;0.592;0.410;0.252;;2019
Norway;;3;7.554;;1.488;1.582;1.028;0.603;0.341;0.271;;2019
Iceland;;4;7.494;;1.380;1.624;1.026;0.591;0.118;0.354;;2019
Netherlands;;5;7.488;;1.396;1.522;0.999;0.557;0.298;0.322;;2019
Switzerland;;6;7.480;;1.452;1.526;1.052;0.572;0.343;0.263;;2019
Sweden;;7;7.343;;1.387;1.487;1.009;0.574;0.373;0.267;;2019
New Zealand;;8;7.307;;1.303;1.557;1.026;0.585;0.380;0.330;;2019
Canada;;9;7.278;;1.365;1.505;1.039;0.584;0.308;0.285;;2019
Austria;;10;7.246;;1.376;1.475;1.016;0.532;0.226;0.244;;2019
Australia;;11;7.228;;1.372;1.548;1.036;0.557;0.290;0.332;;2019
Costa Rica;;12;7.167;;1.034;1.441;0.963;0.558;0.093;0.144;;2019
Israel;;13;7.139;;1.276;1.455;1.029;0.371;0.082;0.261;;2019
Luxembourg;;14;7.090;;1.609;1.479;1.012;0.526;0.316;0.194;;2019
United Kingdom;;15;7.054;;1.333;1.538;0.996;0.450;0.278;0.348;;2019
Ireland;;16;7.021;;1.499;1.553;0.999;0.516;0.310;0.298;;2019
Germany;;17;6.985;;1.373;1.454;0.987;0.495;0.265;0.261;;2019
Belgium;;18;6.923;;1.356;1.504;0.986;0.473;0.210;0.160;;2019
United States;;19;6.892;;1.433;1.457;0.874;0.454;0.128;0.280;;2019
Czech Republic;;20;6.852;;1.269;1.487;0.920;0.457;0.036;0.046;;2019
United Arab Emirates;;21;6.825;;1.503;1.310;0.825;0.598;0.182;0.262;;2019
Malta;;22;6.726;;1.300;1.520;0.999;0.564;0.151;0.375;;2019
Mexico;;23;6.595;;1.070;1.323;0.861;0.433;0.073;0.074;;2019
France;;24;6.592;;1.324;1.472;1.045;0.436;0.183;0.111;;2019
Taiwan;;25;6.446;;1.368;1.430;0.914;0.351;0.097;0.242;;2019
Chile;;26;6.444;;1.159;1.369;0.920;0.357;0.056;0.187;;2019
Guatemala;;27;6.436;;0.800;1.269;0.746;0.535;0.078;0.175;;2019
Saudi Arabia;;28;6.375;;1.403;1.357;0.795;0.439;0.132;0.080;;2019
Qatar;;29;6.374;;1.684;1.313;0.871;0.555;0.167;0.220;;2019
Spain;;30;6.354;;1.286;1.484;1.062;0.362;0.079;0.153;;2019
Panama;;31;6.321;;1.149;1.442;0.910;0.516;0.054;0.109;;2019
Brazil;;32;6.300;;1.004;1.439;0.802;0.390;0.086;0.099;;2019
Uruguay;;33;6.293;;1.124;1.465;0.891;0.523;0.150;0.127;;2019
Singapore;;34;6.262;;1.572;1.463;1.141;0.556;0.453;0.271;;2019
El Salvador;;35;6.253;;0.794;1.242;0.789;0.430;0.074;0.093;;2019
Italy;;36;6.223;;1.294;1.488;1.039;0.231;0.030;0.158;;2019
Bahrain;;37;6.199;;1.362;1.368;0.871;0.536;0.110;0.255;;2019
Slovakia;;38;6.198;;1.246;1.504;0.881;0.334;0.014;0.121;;2019
Trinidad & Tobago;;39;6.192;;1.231;1.477;0.713;0.489;0.016;0.185;;2019
Poland;;40;6.182;;1.206;1.438;0.884;0.483;0.050;0.117;;2019
Uzbekistan;;41;6.174;;0.745;1.529;0.756;0.631;0.240;0.322;;2019
Lithuania;;42;6.149;;1.238;1.515;0.818;0.291;0.042;0.043;;2019
Colombia;;43;6.125;;0.985;1.410;0.841;0.470;0.034;0.099;;2019
Slovenia;;44;6.118;;1.258;1.523;0.953;0.564;0.057;0.144;;2019
Nicaragua;;45;6.105;;0.694;1.325;0.835;0.435;0.127;0.200;;2019
Kosovo;;46;6.100;;0.882;1.232;0.758;0.489;0.006;0.262;;2019
Argentina;;47;6.086;;1.092;1.432;0.881;0.471;0.050;0.066;;2019
Romania;;48;6.070;;1.162;1.232;0.825;0.462;0.005;0.083;;2019
Cyprus;;49;6.046;;1.263;1.223;1.042;0.406;0.041;0.190;;2019
Ecuador;;50;6.028;;0.912;1.312;0.868;0.498;0.087;0.126;;2019
Kuwait;;51;6.021;;1.500;1.319;0.808;0.493;0.097;0.142;;2019
Thailand;;52;6.008;;1.050;1.409;0.828;0.557;0.028;0.359;;2019
Latvia;;53;5.940;;1.187;1.465;0.812;0.264;0.064;0.075;;2019
South Korea;;54;5.895;;1.301;1.219;1.036;0.159;0.056;0.175;;2019
Estonia;;55;5.893;;1.237;1.528;0.874;0.495;0.161;0.103;;2019
Jamaica;;56;5.890;;0.831;1.478;0.831;0.490;0.028;0.107;;2019
Mauritius;;57;5.888;;1.120;1.402;0.798;0.498;0.060;0.215;;2019
Japan;;58;5.886;;1.327;1.419;1.088;0.445;0.140;0.069;;2019
Honduras;;59;5.860;;0.642;1.236;0.828;0.507;0.078;0.246;;2019
Kazakhstan;;60;5.809;;1.173;1.508;0.729;0.410;0.096;0.146;;2019
Bolivia;;61;5.779;;0.776;1.209;0.706;0.511;0.064;0.137;;2019
Hungary;;62;5.758;;1.201;1.410;0.828;0.199;0.020;0.081;;2019
Paraguay;;63;5.743;;0.855;1.475;0.777;0.514;0.080;0.184;;2019
Northern Cyprus;;64;5.718;;1.263;1.252;1.042;0.417;0.162;0.191;;2019
Peru;;65;5.697;;0.960;1.274;0.854;0.455;0.027;0.083;;2019
Portugal;;66;5.693;;1.221;1.431;0.999;0.508;0.025;0.047;;2019
Pakistan;;67;5.653;;0.677;0.886;0.535;0.313;0.098;0.220;;2019
Russia;;68;5.648;;1.183;1.452;0.726;0.334;0.031;0.082;;2019
Philippines;;69;5.631;;0.807;1.293;0.657;0.558;0.107;0.117;;2019
Serbia;;70;5.603;;1.004;1.383;0.854;0.282;0.039;0.137;;2019
Moldova;;71;5.529;;0.685;1.328;0.739;0.245;0.000;0.181;;2019
Libya;;72;5.525;;1.044;1.303;0.673;0.416;0.152;0.133;;2019
Montenegro;;73;5.523;;1.051;1.361;0.871;0.197;0.080;0.142;;2019
Tajikistan;;74;5.467;;0.493;1.098;0.718;0.389;0.144;0.230;;2019
Croatia;;75;5.432;;1.155;1.266;0.914;0.296;0.022;0.119;;2019
Hong Kong;;76;5.430;;1.438;1.277;1.122;0.440;0.287;0.258;;2019
Dominican Republic;;77;5.425;;1.015;1.401;0.779;0.497;0.101;0.113;;2019
Bosnia and Herzegovina;;78;5.386;;0.945;1.212;0.845;0.212;0.006;0.263;;2019
Turkey;;79;5.373;;1.183;1.360;0.808;0.195;0.106;0.083;;2019
Malaysia;;80;5.339;;1.221;1.171;0.828;0.508;0.024;0.260;;2019
Belarus;;81;5.323;;1.067;1.465;0.789;0.235;0.142;0.094;;2019
Greece;;82;5.287;;1.181;1.156;0.999;0.067;0.034;0.000;;2019
Mongolia;;83;5.285;;0.948;1.531;0.667;0.317;0.038;0.235;;2019
North Macedonia;;84;5.274;;0.983;1.294;0.838;0.345;0.034;0.185;;2019
Nigeria;;85;5.265;;0.696;1.111;0.245;0.426;0.041;0.215;;2019
Kyrgyzstan;;86;5.261;;0.551;1.438;0.723;0.508;0.023;0.300;;2019
Turkmenistan;;87;5.247;;1.052;1.538;0.657;0.394;0.028;0.244;;2019
Algeria;;88;5.211;;1.002;1.160;0.785;0.086;0.114;0.073;;2019
Morocco;;89;5.208;;0.801;0.782;0.782;0.418;0.076;0.036;;2019
Azerbaijan;;90;5.208;;1.043;1.147;0.769;0.351;0.182;0.035;;2019
Lebanon;;91;5.197;;0.987;1.224;0.815;0.216;0.027;0.166;;2019
Indonesia;;92;5.192;;0.931;1.203;0.660;0.491;0.028;0.498;;2019
China;;93;5.191;;1.029;1.125;0.893;0.521;0.100;0.058;;2019
Vietnam;;94;5.175;;0.741;1.346;0.851;0.543;0.073;0.147;;2019
Bhutan;;95;5.082;;0.813;1.321;0.604;0.457;0.167;0.370;;2019
Cameroon;;96;5.044;;0.549;0.910;0.331;0.381;0.037;0.187;;2019
Bulgaria;;97;5.011;;1.092;1.513;0.815;0.311;0.004;0.081;;2019
Ghana;;98;4.996;;0.611;0.868;0.486;0.381;0.040;0.245;;2019
Ivory Coast;;99;4.944;;0.569;0.808;0.232;0.352;0.090;0.154;;2019
Nepal;;100;4.913;;0.446;1.226;0.677;0.439;0.089;0.285;;2019
Jordan;;101;4.906;;0.837;1.225;0.815;0.383;0.130;0.110;;2019
Benin;;102;4.883;;0.393;0.437;0.397;0.349;0.082;0.175;;2019
Congo (Brazzaville);;103;4.812;;0.673;0.799;0.508;0.372;0.093;0.105;;2019
Gabon;;104;4.799;;1.057;1.183;0.571;0.295;0.055;0.043;;2019
Laos;;105;4.796;;0.764;1.030;0.551;0.547;0.164;0.266;;2019
South Africa;;106;4.722;;0.960;1.351;0.469;0.389;0.055;0.130;;2019
Albania;;107;4.719;;0.947;0.848;0.874;0.383;0.027;0.178;;2019
Venezuela;;108;4.707;;0.960;1.427;0.805;0.154;0.047;0.064;;2019
Cambodia;;109;4.700;;0.574;1.122;0.637;0.609;0.062;0.232;;2019
Palestinian Territories;;110;4.696;;0.657;1.247;0.672;0.225;0.066;0.103;;2019
Senegal;;111;4.681;;0.450;1.134;0.571;0.292;0.072;0.153;;2019
Somalia;;112;4.668;;0.000;0.698;0.268;0.559;0.270;0.243;;2019
Namibia;;113;4.639;;0.879;1.313;0.477;0.401;0.056;0.070;;2019
Niger;;114;4.628;;0.138;0.774;0.366;0.318;0.102;0.188;;2019
Burkina Faso;;115;4.587;;0.331;1.056;0.380;0.255;0.113;0.177;;2019
Armenia;;116;4.559;;0.850;1.055;0.815;0.283;0.064;0.095;;2019
Iran;;117;4.548;;1.100;0.842;0.785;0.305;0.125;0.270;;2019
Guinea;;118;4.534;;0.380;0.829;0.375;0.332;0.086;0.207;;2019
Georgia;;119;4.519;;0.886;0.666;0.752;0.346;0.164;0.043;;2019
Gambia;;120;4.516;;0.308;0.939;0.428;0.382;0.167;0.269;;2019
Kenya;;121;4.509;;0.512;0.983;0.581;0.431;0.053;0.372;;2019
Mauritania;;122;4.490;;0.570;1.167;0.489;0.066;0.088;0.106;;2019
Mozambique;;123;4.466;;0.204;0.986;0.390;0.494;0.138;0.197;;2019
Tunisia;;124;4.461;;0.921;1.000;0.815;0.167;0.055;0.059;;2019
Bangladesh;;125;4.456;;0.562;0.928;0.723;0.527;0.143;0.166;;2019
Iraq;;126;4.437;;1.043;0.980;0.574;0.241;0.089;0.148;;2019
Congo (Kinshasa);;127;4.418;;0.094;1.125;0.357;0.269;0.053;0.212;;2019
Mali;;128;4.390;;0.385;1.105;0.308;0.327;0.052;0.153;;2019
Sierra Leone;;129;4.374;;0.268;0.841;0.242;0.309;0.045;0.252;;2019
Sri Lanka;;130;4.366;;0.949;1.265;0.831;0.470;0.047;0.244;;2019
Myanmar;;131;4.360;;0.710;1.181;0.555;0.525;0.172;0.566;;2019
Chad;;132;4.350;;0.350;0.766;0.192;0.174;0.078;0.198;;2019
Ukraine;;133;4.332;;0.820;1.390;0.739;0.178;0.010;0.187;;2019
Ethiopia;;134;4.286;;0.336;1.033;0.532;0.344;0.100;0.209;;2019
Swaziland;;135;4.212;;0.811;1.149;0.000;0.313;0.135;0.074;;2019
Uganda;;136;4.189;;0.332;1.069;0.443;0.356;0.060;0.252;;2019
Egypt;;137;4.166;;0.913;1.039;0.644;0.241;0.067;0.076;;2019
Zambia;;138;4.107;;0.578;1.058;0.426;0.431;0.087;0.247;;2019
Togo;;139;4.085;;0.275;0.572;0.410;0.293;0.085;0.177;;2019
India;;140;4.015;;0.755;0.765;0.588;0.498;0.085;0.200;;2019
Liberia;;141;3.975;;0.073;0.922;0.443;0.370;0.033;0.233;;2019
Comoros;;142;3.973;;0.274;0.757;0.505;0.142;0.078;0.275;;2019
Madagascar;;143;3.933;;0.274;0.916;0.555;0.148;0.041;0.169;;2019
Lesotho;;144;3.802;;0.489;1.169;0.168;0.359;0.093;0.107;;2019
Burundi;;145;3.775;;0.046;0.447;0.380;0.220;0.180;0.176;;2019
Zimbabwe;;146;3.663;;0.366;1.114;0.433;0.361;0.089;0.151;;2019
Haiti;;147;3.597;;0.323;0.688;0.449;0.026;0.110;0.419;;2019
Botswana;;148;3.488;;1.041;1.145;0.538;0.455;0.100;0.025;;2019
Syria;;149;3.462;;0.619;0.378;0.440;0.013;0.141;0.331;;2019
Malawi;;150;3.410;;0.191;0.560;0.495;0.443;0.089;0.218;;2019
Yemen;;151;3.380;;0.287;1.163;0.463;0.143;0.077;0.108;;2019
Rwanda;;152;3.334;;0.359;0.711;0.614;0.555;0.411;0.217;;2019
Tanzania;;153;3.231;;0.476;0.885;0.499;0.417;0.147;0.276;;2019
Afghanistan;;154;3.203;;0.350;0.517;0.361;0.000;0.025;0.158;;2019
Central African Republic;;155;3.083;;0.026;0.000;0.105;0.225;0.035;0.235;;2019
South Sudan;;156;2.853;;0.306;0.575;0.295;0.010;0.091;0.202;;2019
